 %set!s; size; sign size; parity size; concrete size;abstract analysis time;concrete analysis time;analysis time;sign diff;parity diff;concrete diff;concrete time diff;abstract time diff
20;15;5;5;5;704628;839367;2378770;0,333333333;0,333333333;0,333333333;0,352857569;0,296215271
19;21;15;15;17;1934806;2281311;2587939;0,714285714;0,714285714;0,80952381;0,881516527;0,747624268
19;26;17;11;17;1380109;2514095;3786402;0,653846154;0,423076923;0,653846154;0,663979947;0,364490881
19;21;4;3;10;467562;1800427;2815125;0,19047619;0,142857143;0,476190476;0,639554904;0,16608925
19;26;7;7;17;1015123;2193916;2929841;0,269230769;0,269230769;0,653846154;0,748817427;0,346477164
19;21;3;3;3;450901;551788;2764672;0,142857143;0,142857143;0,142857143;0,19958534;0,16309385
19;21;15;15;16;1847328;2227699;3020859;0,714285714;0,714285714;0,761904762;0,737438921;0,611524073
19;21;3;3;4;447284;751332;3298730;0,142857143;0,142857143;0,19047619;0,227764018;0,135592789
19;21;7;7;8;735600;805275;2551510;0,333333333;0,333333333;0,380952381;0,315607229;0,288299869
19;21;4;4;5;461026;769686;2649590;0,19047619;0,19047619;0,238095238;0,290492491;0,173998996
19;31;19;13;19;1257275;1704019;5147632;0,612903226;0,419354839;0,612903226;0,331029685;0,244243372
19;21;13;8;17;1012348;2291595;2562802;0,619047619;0,380952381;0,80952381;0,894175594;0,39501608
19;21;8;3;11;447221;1952744;2957534;0,380952381;0,142857143;0,523809524;0,66026088;0,151214153
19;21;15;10;19;1325750;2342081;2515394;0,714285714;0,476190476;0,904761905;0,931099064;0,527054609
19;26;5;5;7;606371;941374;3618075;0,192307692;0,192307692;0,269230769;0,260186425;0,167594923
19;31;20;20;23;2636990;3056587;4001052;0,64516129;0,64516129;0,741935484;0,763945832;0,659074163
19;21;5;5;7;622126;1083744;2966863;0,238095238;0,238095238;0,333333333;0,365282792;0,209691516
19;26;9;9;10;1285743;1629526;3546085;0,346153846;0,346153846;0,384615385;0,459528184;0,362580987
19;26;14;14;15;1980955;2515447;3414136;0,538461538;0,538461538;0,576923077;0,736774106;0,580221467
19;21;8;5;8;1075356;1332875;2777087;0,380952381;0,238095238;0,380952381;0,479954355;0,387224455
19;21;7;7;7;1003956;1135994;2622520;0,333333333;0,333333333;0,333333333;0,43316886;0,382821103
19;26;12;10;12;1266691;1690948;3342540;0,461538462;0,384615385;0,461538462;0,50588714;0,378960611
19;21;5;5;5;747060;715539;1941067;0,238095238;0,238095238;0,238095238;0,368631789;0,384870795
19;21;6;6;6;1042358;1086218;2839029;0,285714286;0,285714286;0,285714286;0,382601939;0,367152995
19;21;3;3;5;466655;944711;3271481;0,142857143;0,142857143;0,238095238;0,28877166;0,142643347
19;21;10;10;15;1290279;2015706;2159760;0,476190476;0,476190476;0,714285714;0,933300922;0,597417769
19;21;11;3;14;474598;1806302;2804768;0,523809524;0,142857143;0,666666667;0,644011198;0,169211143
19;21;6;3;9;467476;1669039;2848928;0,285714286;0,142857143;0,428571429;0,58584808;0,164088387
19;26;16;13;18;1734808;2392260;2877155;0,615384615;0,5;0,692307692;0,831467196;0,602959521
19;21;11;9;13;1083836;1705100;2685576;0,523809524;0,428571429;0,619047619;0,634910351;0,403576737
19;21;12;12;12;1615298;1846557;3119788;0,571428571;0,571428571;0,571428571;0,59188541;0,517758899
19;21;4;3;7;477465;1127649;2827527;0,19047619;0,142857143;0,333333333;0,398811046;0,168863109
19;26;18;18;24;2424573;3447688;3302661;0,692307692;0,692307692;0,923076923;1,043912167;0,734127117
19;26;16;16;17;2461972;2548664;3735841;0,615384615;0,615384615;0,653846154;0,682219613;0,659014128
19;26;21;19;21;2522144;2915860;3195847;0,807692308;0,730769231;0,807692308;0,912390362;0,789194226
19;21;5;5;5;655043;779176;2745047;0,238095238;0,238095238;0,238095238;0,283847963;0,238627244
19;26;10;6;10;506691;1546876;3628341;0,384615385;0,230769231;0,384615385;0,426331483;0,13964812
19;26;13;5;16;696652;2307912;3544787;0,5;0,192307692;0,615384615;0,651072124;0,196528593
19;21;10;10;9;1373798;1191501;2752829;0,476190476;0,476190476;0,428571429;0,432827829;0,499049523
19;21;6;3;6;486599;919705;2833137;0,285714286;0,142857143;0,285714286;0,324624259;0,171752725
19;21;3;3;4;474643;714146;2649007;0,142857143;0,142857143;0,19047619;0,269590077;0,179177707
19;21;5;5;8;637756;1428202;3245771;0,238095238;0,238095238;0,380952381;0,440019336;0,196488292
19;26;8;5;20;678540;2811563;3699024;0,307692308;0,192307692;0,769230769;0,760082389;0,183437577
19;21;7;7;6;716395;732453;2177355;0,333333333;0,333333333;0,285714286;0,336395765;0,329020761
19;21;3;3;3;466413;576466;3170322;0,142857143;0,142857143;0,142857143;0,181832003;0,147118495
19;26;18;18;23;2361384;3011385;3051194;0,692307692;0,692307692;0,884615385;0,986952976;0,773921291
19;21;20;20;20;2761511;2961057;2848488;0,952380952;0,952380952;0,952380952;1,039518861;0,969465555
19;26;5;5;6;694222;904662;3034906;0,192307692;0,192307692;0,230769231;0,298085674;0,2287458
19;21;13;13;15;1648266;1911590;2438700;0,619047619;0,619047619;0,714285714;0,783856153;0,675878952
19;26;10;10;10;1465818;1687255;4057961;0,384615385;0,384615385;0,384615385;0,415788865;0,361220327
19;21;12;12;12;1698572;1711067;2425869;0,571428571;0,571428571;0,571428571;0,70534188;0,700191148
18;11;7;7;7;882489;944773;1291355;0,636363636;0,636363636;0,636363636;0,731613693;0,683382184
18;11;8;10;10;1324956;1511272;1503613;0,727272727;0,909090909;0,909090909;1,005093731;0,881181527
18;16;15;15;15;1888185;1995015;2276014;0,9375;0,9375;0,9375;0,876538984;0,829601663
18;22;3;3;3;460910;516537;2730090;0,136363636;0,136363636;0,136363636;0,189201455;0,168825936
18;16;5;5;5;801637;743167;1739200;0,3125;0,3125;0,3125;0,427303933;0,460922838
18;11;10;10;10;1337623;1549544;1550420;0,909090909;0,909090909;0,909090909;0,999434992;0,862748804
18;11;7;3;7;480571;1323662;1867324;0,636363636;0,272727273;0,636363636;0,708855025;0,257358123
18;16;11;11;11;1328685;1666601;1997589;0,6875;0,6875;0,6875;0,834306256;0,665144331
18;11;3;3;4;471078;717849;1915649;0,272727273;0,272727273;0,363636364;0,374728878;0,245910394
18;16;10;5;10;753476;1640821;1976744;0,625;0,3125;0,625;0,830062466;0,381170248
18;22;10;10;14;1584035;1898530;2770752;0,454545455;0,454545455;0,636363636;0,685203872;0,571698586
18;16;12;12;12;1637656;1768249;2317686;0,75;0,75;0,75;0,762937257;0,70659097
18;22;11;11;10;1614743;1582548;2945060;0,5;0,5;0,454545455;0,537356794;0,54828866
18;11;7;5;7;825265;1200401;1287581;0,636363636;0,454545455;0,636363636;0,932291638;0,640942201
18;11;7;7;7;846858;929497;1592336;0,636363636;0,636363636;0,636363636;0,5837317;0,531833734
18;16;13;13;15;1632101;2056423;2084281;0,8125;0,8125;0,9375;0,98663424;0,783052285
18;11;7;7;7;1102889;1156972;1539903;0,636363636;0,636363636;0,636363636;0,751327843;0,7162068
18;16;5;5;5;647005;725548;2165737;0,3125;0,3125;0,3125;0,335012054;0,298745877
18;11;7;7;7;1017242;1142113;1410039;0,636363636;0,636363636;0,636363636;0,809986816;0,721428273
18;11;5;5;7;663477;1142295;1596101;0,454545455;0,454545455;0,636363636;0,715678394;0,4156861
18;11;3;3;3;441983;565224;1754988;0,272727273;0,272727273;0,272727273;0,322067159;0,251843887
18;16;11;11;11;1037683;1178182;1909399;0,6875;0,6875;0,6875;0,617043373;0,543460534
18;16;7;7;12;865565;1226950;1765072;0,4375;0,4375;0,75;0,695127451;0,490385095
18;22;11;11;12;1682865;1935638;2842741;0,5;0,5;0,545454545;0,680905506;0,591986748
18;22;13;8;21;1037873;2706810;2752034;0,590909091;0,363636364;0,954545455;0,983567063;0,377129425
18;16;15;15;15;2074147;2219499;2270820;0,9375;0,9375;0,9375;0,977399794;0,913391198
18;16;14;12;14;1251219;1950312;2249040;0,875;0,75;0,875;0,867175328;0,556334703
18;16;3;3;3;442894;514543;2425484;0,1875;0,1875;0,1875;0,21214034;0,182600256
18;22;15;7;19;847432;2429131;2123197;0,681818182;0,318181818;0,863636364;1,144091198;0,39913018
18;16;5;5;5;644272;1410588;1795573;0,3125;0,3125;0,3125;0,78559212;0,358811366
18;22;6;6;8;682603;1477244;2824921;0,272727273;0,272727273;0,363636364;0,522932854;0,241636138
18;16;5;5;5;772326;1005395;2430718;0,3125;0,3125;0,3125;0,413620585;0,317735747
18;27;8;8;14;762927;2189003;3654483;0,296296296;0,296296296;0,518518519;0,598991157;0,208764687
18;16;5;5;10;639480;1278799;1857774;0,3125;0,3125;0,625;0,688350144;0,344218403
18;22;5;5;7;644997;1092492;2984548;0,227272727;0,227272727;0,318181818;0,366049398;0,216112122
18;16;11;11;11;1048788;1451077;2096671;0,6875;0,6875;0,6875;0,692086169;0,500215818
18;27;18;16;24;2193983;3406920;3535928;0,666666667;0,592592593;0,888888889;0,963515094;0,62048294
18;11;7;5;7;791705;1194269;1332162;0,636363636;0,454545455;0,636363636;0,896489316;0,594300843
18;11;7;5;7;797709;1231659;1265250;0,636363636;0,454545455;0,636363636;0,973451097;0,6304754
18;16;15;13;15;2166833;2597982;2512333;0,9375;0,8125;0,9375;1,03409142;0,862478421
18;11;11;11;11;1402696;1573800;1629233;1;1;1;0,965976014;0,860954817
18;32;18;7;18;925223;2240137;5189659;0,5625;0,21875;0,5625;0,431653987;0,178282041
18;16;11;14;16;1152355;2180207;2082470;0,6875;0,875;1;1,046933209;0,553359712
18;11;8;5;8;657135;1702778;1413221;0,727272727;0,454545455;0,727272727;1,204891521;0,464990967
18;33;12;5;13;808368;1391505;5167368;0,363636364;0,151515152;0,393939394;0,269286995;0,156437088
18;16;6;3;7;470334;1117975;2144738;0,375;0,1875;0,4375;0,521264136;0,219296716
18;11;5;10;10;1312499;1535879;1478146;0,454545455;0,909090909;0,909090909;1,039057711;0,887935968
18;27;18;18;18;2178286;2579297;3074481;0,666666667;0,666666667;0,666666667;0,838937369;0,708505273
18;16;6;5;8;797102;1640518;1867735;0,375;0,3125;0,5;0,878346232;0,426774676
18;11;8;10;10;1394746;1712805;1578224;0,727272727;0,909090909;0,909090909;1,0852737;0,883744006
17;17;12;12;14;1590588;2092212;2038771;0,705882353;0,705882353;0,823529412;1,02621236;0,780170014
17;17;10;10;10;1393367;1586346;2258908;0,588235294;0,588235294;0,588235294;0,702262332;0,616832115
17;23;5;5;9;833685;1291716;3231965;0,217391304;0,217391304;0,391304348;0,399668932;0,257949885
17;17;11;11;16;1658424;2517033;2336913;0,647058824;0,647058824;0,941176471;1,07707604;0,709664416
17;17;11;7;7;998811;1141800;2248870;0,647058824;0,411764706;0,411764706;0,507721656;0,444139057
17;17;13;13;15;1807055;2033127;2101716;0,764705882;0,764705882;0,882352941;0,967365239;0,859799802
17;23;16;5;16;648576;2090334;2507175;0,695652174;0,217391304;0,695652174;0,833740764;0,258687966
17;17;8;8;8;872261;1325045;2024927;0,470588235;0,470588235;0,470588235;0,654366799;0,430761702
17;17;7;7;10;988477;1448133;2113304;0,411764706;0,411764706;0,588235294;0,685245947;0,467740089
17;17;11;11;13;1435121;2005621;2260858;0,647058824;0,647058824;0,764705882;0,887106134;0,634768305
17;28;13;13;14;1402735;1628552;2766735;0,464285714;0,464285714;0,5;0,588618715;0,507000128
17;23;11;9;11;1271699;1658625;2878221;0,47826087;0,391304348;0,47826087;0,576267424;0,441835078
17;23;13;5;16;636879;2196499;2775756;0,565217391;0,217391304;0,695652174;0,791315591;0,229443438
17;29;24;21;27;2805594;3174669;3301877;0,827586207;0,724137931;0,931034483;0,961474034;0,849696703
17;17;8;5;8;1045223;1438719;2521234;0,470588235;0,294117647;0,470588235;0,570640805;0,414568025
17;29;14;14;16;1959762;2661432;4472402;0,482758621;0,482758621;0,551724138;0,595078886;0,438190037
17;17;13;13;13;1764184;1783400;2347215;0,764705882;0,764705882;0,764705882;0,759794054;0,75160733
17;23;11;11;13;1048341;1666313;4095540;0,47826087;0,47826087;0,565217391;0,40686039;0,255971374
17;17;5;5;5;633820;716446;1852519;0,294117647;0,294117647;0,294117647;0,386741513;0,342139541
17;29;12;12;12;1679062;1670539;3470746;0,413793103;0,413793103;0,413793103;0,481319866;0,483775534
17;23;3;3;11;517454;1808141;3200650;0,130434783;0,130434783;0,47826087;0,564929311;0,161671535
17;23;8;5;8;646741;1400988;3238821;0,347826087;0,217391304;0,347826087;0,432561108;0,199684083
17;23;3;3;3;479377;557659;3298067;0,130434783;0,130434783;0,130434783;0,16908662;0,145350898
17;28;24;18;24;2261544;3322336;3619170;0,857142857;0,642857143;0,857142857;0,917982852;0,624879185
17;23;3;3;7;483211;898195;3478543;0,130434783;0,130434783;0,304347826;0,258210118;0,138911895
17;23;14;9;10;1240566;1367571;2404750;0,608695652;0,391304348;0,434782609;0,568695706;0,515881485
17;17;5;5;6;647068;962445;2775019;0,294117647;0,294117647;0,352941176;0,346824652;0,233176061
17;23;10;10;10;769879;1220158;1566324;0,434782609;0,434782609;0,434782609;0,77899464;0,491519635
17;23;9;6;9;674751;1466187;3285447;0,391304348;0,260869565;0,391304348;0,446267129;0,205375707
17;23;3;3;10;473567;1552027;2995373;0,130434783;0,130434783;0,434782609;0,51814148;0,158099509
17;23;10;10;10;1744461;1635532;3041434;0,434782609;0,434782609;0,434782609;0,537750285;0,573565298
17;17;5;5;9;685393;1077429;2059452;0,294117647;0,294117647;0,529411765;0,523162958;0,332803581
17;23;5;5;10;638082;1201111;3017230;0,217391304;0,217391304;0,434782609;0,398084004;0,211479403
17;17;5;5;5;772567;934976;2510152;0,294117647;0,294117647;0,294117647;0,372477842;0,307776979
17;17;5;5;5;643186;812280;2016306;0,294117647;0,294117647;0,294117647;0,402855519;0,318992256
17;23;6;6;6;813283;1028846;2705485;0,260869565;0,260869565;0,260869565;0,380281539;0,300605252
17;23;5;5;5;782356;767237;3068758;0,217391304;0,217391304;0,217391304;0,250015479;0,254942227
17;23;18;18;18;2493718;2696304;3542985;0,782608696;0,782608696;0,782608696;0,761026084;0,703846615
17;17;5;5;5;637710;970729;1964379;0,294117647;0,294117647;0,294117647;0,494165841;0,324636946
17;29;26;24;28;3206425;4073593;3712426;0,896551724;0,827586207;0,965517241;1,09728598;0,863700718
17;23;8;8;10;1009334;1447809;2289088;0,347826087;0,347826087;0,434782609;0,632482893;0,440932808
17;17;4;6;6;830210;900053;2097195;0,235294118;0,352941176;0,352941176;0,429169915;0,39586686
17;35;15;15;16;2456375;2463453;6486043;0,428571429;0,428571429;0,457142857;0,379808305;0,378717039
17;41;24;24;30;3207270;4314976;6719755;0,585365854;0,585365854;0,731707317;0,642132935;0,477289723
17;17;11;16;16;2100529;2271329;2124933;0,647058824;0,941176471;0,941176471;1,068894407;0,988515403
17;29;15;15;17;1940474;2677797;3772602;0,517241379;0,517241379;0,586206897;0,709801087;0,514359585
17;17;13;8;12;821896;1838366;2278846;0,764705882;0,470588235;0,705882353;0,806709185;0,360663248
17;23;16;18;18;2371470;2853222;2987084;0,695652174;0,782608696;0,782608696;0,955186396;0,793908039
17;17;15;5;15;635738;2222667;2038128;0,882352941;0,294117647;0,882352941;1,090543381;0,311922509
16;18;12;12;12;1638322;1744513;2241359;0,666666667;0,666666667;0,666666667;0,778328237;0,730950285
16;12;10;7;11;906819;1760687;1822969;0,833333333;0,583333333;0,916666667;0,965834855;0,497440713
16;12;8;8;8;1254833;1339003;1508227;0,666666667;0,666666667;0,666666667;0,887799383;0,831992134
16;6;5;5;5;996031;858922;905855;0,833333333;0,833333333;0,833333333;0,94818928;1,099547941
16;25;8;3;7;462418;951170;3427464;0,32;0,12;0,28;0,27751422;0,134915494
16;18;12;5;12;627620;1818793;2298571;0,666666667;0,277777778;0,666666667;0,791271185;0,273047907
16;12;7;7;7;1172360;1225280;1629524;0,583333333;0,583333333;0,583333333;0,751925102;0,719449361
16;25;10;7;15;1251416;2622171;3745226;0,4;0,28;0,6;0,700136921;0,334136311
16;12;6;3;6;472093;1108591;1911640;0,5;0,25;0,5;0,579916198;0,246957063
16;12;5;5;5;631540;751318;1452674;0,416666667;0,416666667;0,416666667;0,517196563;0,434743101
16;6;5;5;5;778667;869192;965810;0,833333333;0,833333333;0,833333333;0,89996169;0,806232075
16;12;8;8;8;1050815;1224853;1381822;0,666666667;0,666666667;0,666666667;0,886404327;0,760456122
16;18;11;11;14;1009102;1357604;1632306;0,611111111;0,611111111;0,777777778;0,831709251;0,61820639
16;12;8;8;8;914994;1018625;1564912;0,666666667;0,666666667;0,666666667;0,650915195;0,58469358
16;18;11;11;14;1170028;1547447;2535625;0,611111111;0,611111111;0,777777778;0,610282278;0,461435741
16;24;20;20;22;2656709;3065391;3215192;0,833333333;0,833333333;0,916666667;0,953408381;0,826298709
16;24;20;20;23;2566854;3339760;3259020;0,833333333;0,833333333;0,958333333;1,024774319;0,787615295
16;12;5;5;7;830711;1078134;1496013;0,416666667;0,416666667;0,583333333;0,720671545;0,555283276
16;18;18;16;18;2339225;2579255;2653215;1;0,888888889;1;0,972124385;0,881656782
16;30;27;13;29;1613541;3640106;3740392;0,9;0,433333333;0,966666667;0,973188372;0,43138286
16;12;5;5;10;645180;1468230;1499707;0,416666667;0,416666667;0,833333333;0,979011234;0,430204033
16;25;12;10;17;1293396;2045281;3045073;0,48;0,4;0,68;0,671668955;0,424750408
16;6;5;5;5;650767;741234;814073;0,833333333;0,833333333;0,833333333;0,910525223;0,799396369
16;31;24;24;24;3338837;3718841;4365904;0,774193548;0,774193548;0,774193548;0,851791748;0,764752729
16;18;13;13;16;1743342;2240200;2349046;0,722222222;0,722222222;0,888888889;0,953663743;0,74214894
16;24;5;5;12;636343;1920360;2767254;0,208333333;0,208333333;0,5;0,693958704;0,229954677
16;18;14;14;15;1561790;1882259;2317841;0,777777778;0,777777778;0,833333333;0,812074254;0,673812397
16;25;20;16;23;2448223;3191221;3388050;0,8;0,64;0,92;0,941904931;0,722605333
16;25;17;15;17;2023032;2349308;3482295;0,68;0,6;0,68;0,67464359;0,580947909
16;18;14;14;14;1841062;1843952;2461190;0,777777778;0,777777778;0,777777778;0,74921156;0,748037332
16;25;9;9;9;1347509;1479420;3238699;0,36;0,36;0,36;0,456794534;0,416064908
16;18;8;8;9;715167;1253829;2566064;0,444444444;0,444444444;0,5;0,488619536;0,278701934
16;12;6;6;6;1028490;1112822;1716561;0,5;0,5;0,5;0,648285729;0,599157269
16;18;8;8;8;1214070;1322764;2409247;0,444444444;0,444444444;0,444444444;0,549036276;0,503920935
16;30;3;3;3;490869;558823;3012461;0,1;0,1;0,1;0,185503812;0,162946176
16;25;22;20;22;2183767;2511454;2921529;0,88;0,8;0,88;0,859636855;0,747474011
16;12;5;5;5;772793;858107;1487590;0,416666667;0,416666667;0,416666667;0,576843754;0,519493274
16;12;4;4;4;474947;695770;1435864;0,333333333;0,333333333;0,333333333;0,484565391;0,330774363
16;12;9;3;9;487109;1610103;1734427;0,75;0,25;0,75;0,928319843;0,280847219
16;12;5;5;5;788993;730069;1879621;0,416666667;0,416666667;0,416666667;0,388412877;0,41976175
16;6;5;5;5;642322;721512;799462;0,833333333;0,833333333;0,833333333;0,902496929;0,803442815
16;6;5;5;5;780651;874878;936133;0,833333333;0,833333333;0,833333333;0,934565922;0,833910352
16;25;8;8;13;824516;1469652;3453057;0,32;0,32;0,52;0,42560896;0,238778566
16;25;18;18;23;2389011;2969947;2907085;0,72;0,72;0,92;1,021623723;0,821789181
16;12;5;5;6;639254;1065843;2138363;0,416666667;0,416666667;0,5;0,498438759;0,298945502
16;12;4;3;4;470380;746307;2099879;0,333333333;0,25;0,333333333;0,355404764;0,224003383
16;24;15;15;15;2047018;2121623;3238730;0,625;0,625;0,625;0,655078688;0,632043424
16;37;22;22;22;2943958;2989477;4912541;0,594594595;0,594594595;0,594594595;0,608539857;0,599273981
16;24;13;13;20;1838105;2604328;3185808;0,541666667;0,541666667;0,833333333;0,817478015;0,57696666
16;31;26;26;26;3392100;3409315;4003218;0,838709677;0,838709677;0,838709677;0,851643603;0,847343312
15;13;7;7;7;850368;960120;1399827;0,538461538;0,538461538;0,538461538;0,685884756;0,607480782
15;20;3;3;4;493029;731817;2962242;0,15;0,15;0,2;0,247048351;0,166437786
15;20;8;8;8;897652;1064524;2757109;0,4;0,4;0,4;0,386101529;0,325577262
15;19;6;6;6;1060836;1033314;2205954;0,315789474;0,315789474;0,315789474;0,468420466;0,4808967
15;13;11;11;11;1711903;1775994;1947706;0,846153846;0,846153846;0,846153846;0,91183885;0,87893296
15;20;7;5;11;646324;1665859;2502360;0,35;0,25;0,55;0,665715165;0,258285778
15;32;19;19;19;1763779;1924173;3135911;0,59375;0,59375;0,59375;0,613592988;0,56244549
15;20;3;3;3;604158;548463;2904536;0,15;0,15;0,15;0,188829817;0,208004996
15;20;13;13;19;1782232;2473692;2614024;0,65;0,65;0,95;0,946315719;0,681796342
15;19;15;15;15;1932609;2088511;2525237;0,789473684;0,789473684;0,789473684;0,827055441;0,765317869
15;19;11;9;12;1417816;1572659;2649007;0,578947368;0,473684211;0,631578947;0,593678688;0,535225464
15;20;3;3;3;472731;523564;2808498;0,15;0,15;0,15;0,186421354;0,168321644
15;13;6;6;6;690030;929498;1969602;0,461538462;0,461538462;0,461538462;0,471921739;0,350339815
15;20;11;6;11;983461;1944546;2048903;0,55;0,3;0,55;0,949066891;0,479993928
15;26;18;18;24;2744854;3811568;3752065;0,692307692;0,692307692;0,923076923;1,015858734;0,731558222
15;13;3;3;3;532146;549288;1751865;0,230769231;0,230769231;0,230769231;0,313544708;0,303759708
15;13;10;10;10;1814017;1628383;2240943;0,769230769;0,769230769;0,769230769;0,726650789;0,809488238
15;19;16;14;18;1991562;2628143;2667605;0,842105263;0,736842105;0,947368421;0,985206955;0,74657305
15;19;11;3;11;494749;1491147;2646053;0,578947368;0,157894737;0,578947368;0,563536331;0,186976225
15;20;3;3;3;485507;547815;2638182;0,15;0,15;0,15;0,207648676;0,184030897
15;19;3;3;6;484840;937463;2547914;0,157894737;0,157894737;0,315789474;0,367933533;0,190288997
15;20;3;3;4;471865;877650;2712524;0,15;0,15;0,2;0,323554741;0,173957908
15;13;7;7;7;842380;939622;1627230;0,538461538;0,538461538;0,538461538;0,577436503;0,51767728
15;19;8;5;8;644434;1332514;2936681;0,421052632;0,263157895;0,421052632;0,453748296;0,21944297
15;19;6;6;6;700184;730831;2253736;0,315789474;0,315789474;0,315789474;0,324275337;0,310677027
15;39;12;12;12;1723273;2180234;5904935;0,307692308;0,307692308;0,307692308;0,369222354;0,291836066
15;20;7;7;8;767639;937558;2431815;0,35;0,35;0,4;0,385538374;0,315665049
15;13;5;5;6;653560;917334;2204925;0,384615385;0,384615385;0,461538462;0,416038641;0,296409175
15;20;7;7;7;740178;724458;2860042;0,35;0,35;0,35;0,253303273;0,258799696
15;13;3;3;3;484130;539022;2166216;0,230769231;0,230769231;0,230769231;0,248831141;0,223491102
15;26;10;10;10;1546779;1622301;3580305;0,384615385;0,384615385;0,384615385;0,4531181;0,432024367
15;19;3;3;6;481793;1114245;2690043;0,157894737;0,157894737;0,315789474;0,414210851;0,179102341
15;20;15;15;15;2177403;2352738;2940553;0,75;0,75;0,75;0,800100525;0,740473986
15;19;14;5;16;953429;2433030;2441406;0,736842105;0,263157895;0,842105263;0,99656919;0,390524558
15;13;8;3;9;527295;1398412;1759420;0,615384615;0,230769231;0,692307692;0,7948142;0,299698196
15;13;12;6;12;1019636;2082479;2162996;0,923076923;0,461538462;0,923076923;0,962775243;0,471399855
15;20;5;5;5;632538;928368;2460356;0,25;0,25;0,25;0,37733076;0,257092063
15;20;11;11;11;1396495;1492729;2897999;0,55;0,55;0,55;0,51508955;0,481882499
15;20;11;11;13;1380673;1716248;2761645;0,55;0,55;0,65;0,621458587;0,499945866
15;20;5;5;5;692273;772735;2723436;0,25;0,25;0,25;0,283735326;0,254191029
15;19;4;6;6;798102;942204;2025806;0,210526316;0,315789474;0,315789474;0,465100804;0,393967636
15;13;3;3;3;483362;558673;1974736;0,230769231;0,230769231;0,230769231;0,282910222;0,244772972
15;13;10;10;10;1397662;1498260;1547977;0,769230769;0,769230769;0,769230769;0,967882598;0,902895844
15;20;5;5;11;656236;1481910;2636565;0,25;0,25;0,55;0,562060863;0,248898093
15;19;18;13;18;1882086;2393643;2646373;0,947368421;0,684210526;0,947368421;0,904499479;0,711194529
15;20;7;7;9;1034234;1357040;2551885;0,35;0,35;0,45;0,531779449;0,40528237
15;19;13;13;13;1719633;1941028;2223836;0,684210526;0,684210526;0,684210526;0,872828752;0,773273299
15;20;14;14;18;2263610;3012411;2895310;0,7;0,7;0,9;1,040445065;0,781819563
15;13;6;3;8;692797;1482365;2083821;0,461538462;0,230769231;0,615384615;0,711368683;0,332464737
15;19;8;8;17;1255770;2026847;2134787;0,421052632;0,421052632;0,894736842;0,949437579;0,588241356
14;28;7;5;9;842121;1520871;3651702;0,25;0,178571429;0,321428571;0,41648278;0,230610548
14;21;13;13;13;2061133;2106851;3468034;0,619047619;0,619047619;0,619047619;0,607505866;0,594323181
14;7;5;5;5;801267;914969;1216556;0,714285714;0,714285714;0,714285714;0,752097725;0,658635525
14;21;4;13;13;1859801;2008612;2752656;0,19047619;0,619047619;0,619047619;0,729699606;0,675638729
14;21;16;16;17;2388824;2637361;2870177;0,761904762;0,761904762;0,80952381;0,918884445;0,832291528
14;14;5;5;5;666330;741032;1646936;0,357142857;0,357142857;0,357142857;0,449945839;0,404587671
14;14;7;7;7;1061896;1259793;1813602;0,5;0,5;0,5;0,694635868;0,58551766
14;21;5;5;6;834284;1364109;2803448;0,238095238;0,238095238;0,285714286;0,486582594;0,297592108
14;21;15;12;15;1557041;2017787;2787240;0,714285714;0,571428571;0,714285714;0,7239373;0,558631837
14;7;5;5;5;664912;762462;1092542;0,714285714;0,714285714;0,714285714;0,697878892;0,608591706
14;14;6;3;7;474184;1444725;2433220;0,428571429;0,214285714;0,5;0,593750257;0,194879214
14;14;3;3;3;469916;565815;1140177;0,214285714;0,214285714;0,214285714;0,496251898;0,412143027
14;28;14;14;14;1625188;1457183;4141727;0,5;0,5;0,5;0,351829804;0,392393801
14;14;10;10;10;1152278;1254227;1338544;0,714285714;0,714285714;0,714285714;0,937008421;0,86084432
14;21;3;3;3;467144;678008;2983467;0,142857143;0,142857143;0,142857143;0,227255069;0,156577566
14;7;3;3;3;464368;548518;1151850;0,428571429;0,428571429;0,428571429;0,476206103;0,403149716
14;14;10;10;10;941081;1041180;1513271;0,714285714;0,714285714;0,714285714;0,688032745;0,621885307
14;14;6;6;6;971179;1067087;2398871;0,428571429;0,428571429;0,428571429;0,444828838;0,404848364
14;21;4;4;5;569023;729235;2461351;0,19047619;0,19047619;0,238095238;0,296274282;0,2311832
14;21;9;9;15;884332;2068497;2905282;0,428571429;0,428571429;0,714285714;0,711978046;0,304387664
14;28;13;9;13;1242946;2039393;3719520;0,464285714;0,321428571;0,464285714;0,548294672;0,334168387
14;21;12;12;12;1362656;1487881;2917437;0,571428571;0,571428571;0,571428571;0,509995931;0,467072982
14;21;8;8;8;881919;1062600;2777524;0,380952381;0,380952381;0,380952381;0,382570952;0,317519849
14;35;15;15;20;1513663;2406311;5878687;0,428571429;0,428571429;0,571428571;0,409327967;0,257483176
14;14;9;9;9;1071656;1213938;1538726;0,642857143;0,642857143;0,642857143;0,788924084;0,696456679
14;7;5;5;5;770631;980146;1083217;0,714285714;0,714285714;0,714285714;0,904847321;0,711428089
14;28;3;3;7;468649;1112430;3490784;0,107142857;0,107142857;0,25;0,318676263;0,134253222
14;7;5;5;5;657139;746881;982384;0,714285714;0,714285714;0,714285714;0,760273987;0,668922743
14;28;3;3;12;897348;1447187;4072886;0,107142857;0,107142857;0,428571429;0,355322246;0,220322395
14;21;17;17;17;2574397;2833129;3392730;0,80952381;0,80952381;0,80952381;0,835058787;0,758798077
14;7;3;3;3;482009;551988;976498;0,428571429;0,428571429;0,428571429;0,565273047;0,493609818
14;21;3;3;7;487073;932773;3444653;0,142857143;0,142857143;0,333333333;0,270788669;0,141399729
14;14;7;5;7;911473;1452126;1595916;0,5;0,357142857;0,5;0,909901273;0,57112843
14;21;4;4;5;496506;748237;3206405;0,19047619;0,19047619;0,238095238;0,233356984;0,154848187
14;27;19;17;20;2069623;2639855;3451072;0,703703704;0,62962963;0,740740741;0,764937677;0,599704382
14;21;13;13;18;1951165;3069520;2962239;0,619047619;0,619047619;0,857142857;1,036216186;0,658679128
14;14;9;6;9;667784;1443198;2347654;0,642857143;0,428571429;0,642857143;0,614740503;0,284447367
14;14;11;11;11;1559174;1803945;1800949;0,785714286;0,785714286;0,785714286;1,001663567;0,865751334
14;27;3;3;4;473347;773321;3817012;0,111111111;0,111111111;0,148148148;0,202598525;0,124009828
14;21;21;21;21;2936318;2954087;2959300;1;1;1;0,998238435;0,992233974
14;21;5;5;6;659799;1070729;3001862;0,238095238;0,238095238;0,285714286;0,356688282;0,21979658
14;28;11;9;11;1511833;1670743;3865903;0,392857143;0,321428571;0,392857143;0,432174061;0,391068529
14;14;7;7;8;758743;1053338;1551521;0,5;0,5;0,571428571;0,678906699;0,489031731
14;7;5;5;5;892066;877317;988057;0,714285714;0,714285714;0,714285714;0,887921446;0,902848722
14;14;7;7;7;870257;1040497;1639044;0,5;0,5;0,5;0,634819444;0,53095402
14;27;14;14;14;1953192;2105199;4478165;0,518518519;0,518518519;0,518518519;0,470103044;0,436159007
14;21;13;13;14;1606428;1904008;3261068;0,619047619;0,619047619;0,666666667;0,583860257;0,492607943
14;27;20;18;20;2621447;3081147;3867806;0,740740741;0,666666667;0,740740741;0,796613636;0,677760725
14;14;5;5;7;642240;939341;1796421;0,357142857;0,357142857;0,5;0,522895802;0,357510851
14;21;8;8;8;1319607;1461379;3638117;0,380952381;0,380952381;0,380952381;0,401685542;0,362717032
13;22;9;9;10;1414307;1583789;3737986;0,409090909;0,409090909;0,454545455;0,423701159;0,3783607
13;23;18;3;18;471704;2099621;2903289;0,782608696;0,130434783;0,782608696;0,723187048;0,162472286
13;30;17;17;19;1640062;3000138;4272695;0,566666667;0,566666667;0,633333333;0,702165261;0,383847197
13;15;10;10;10;1089497;1168849;1993366;0,666666667;0,666666667;0,666666667;0,586369488;0,546561444
13;15;6;6;6;1415434;1125215;2392927;0,4;0,4;0,4;0,470225377;0,591507388
13;15;5;5;7;662656;1175502;1673277;0,333333333;0,333333333;0,466666667;0,702514885;0,396022894
13;22;13;12;15;1693974;2014324;2471573;0,590909091;0,545454545;0,681818182;0,814996765;0,685382952
13;15;4;4;8;498617;1347574;2394744;0,266666667;0,266666667;0,533333333;0,562721527;0,20821307
13;22;19;19;19;2086982;2213172;2163682;0,863636364;0,863636364;0,863636364;1,022873047;0,964551168
13;15;13;10;13;1430099;2039854;2338447;0,866666667;0,666666667;0,866666667;0,87231141;0,611559296
13;23;5;5;12;659494;1280249;3165295;0,217391304;0,217391304;0,52173913;0,404464355;0,208351512
13;30;22;22;28;2944623;3598125;3571880;0,733333333;0,733333333;0,933333333;1,007347671;0,824390237
13;15;5;5;6;666894;1043715;2347100;0,333333333;0,333333333;0,4;0,4446828;0,284135316
13;15;6;3;6;491503;1253959;2456477;0,4;0,2;0,4;0,510470483;0,200084511
13;30;9;9;16;1256405;2282956;4125600;0,3;0,3;0,533333333;0,55336339;0,304538734
13;15;5;5;5;654042;731250;2123720;0,333333333;0,333333333;0,333333333;0,344325052;0,307969977
13;29;12;12;14;1741037;2295557;4203550;0,413793103;0,413793103;0,482758621;0,546099606;0,414182536
13;22;9;9;11;1111554;1587327;3778885;0,409090909;0,409090909;0,5;0,420051682;0,294148671
13;15;4;4;5;713415;719150;1963498;0,266666667;0,266666667;0,333333333;0,366259604;0,363338796
13;15;4;4;4;516884;576566;1753885;0,266666667;0,266666667;0,266666667;0,328736491;0,294708034
13;22;12;8;12;993194;1832977;2692879;0,545454545;0,363636364;0,545454545;0,680675589;0,368822364
13;15;4;4;4;626150;588861;2074628;0,266666667;0,266666667;0,266666667;0,28383932;0,301813144
13;23;15;15;15;1896473;1958445;3171927;0,652173913;0,652173913;0,652173913;0,617430666;0,597893016
13;38;21;21;21;2956443;3097038;4556975;0,552631579;0,552631579;0,552631579;0,679625848;0,648773144
13;38;16;16;23;2076282;3179733;5435167;0,421052632;0,421052632;0,605263158;0,585029494;0,382008869
13;22;11;6;11;629042;1695848;2905827;0,5;0,272727273;0,5;0,583602534;0,216476067
13;30;8;8;17;1327524;2359308;4420829;0,266666667;0,266666667;0,566666667;0,533679995;0,300288475
13;30;22;22;22;2710673;2778302;3264208;0,733333333;0,733333333;0,733333333;0,851141226;0,830422877
13;38;21;21;31;2669819;4182726;4559593;0,552631579;0,552631579;0,815789474;0,917346351;0,585538885
13;22;5;5;9;689975;1155874;3334582;0,227272727;0,227272727;0,409090909;0,346632352;0,20691499
13;22;10;8;10;1493146;1666481;3546285;0,454545455;0,363636364;0,454545455;0,469923032;0,421045122
13;37;9;9;17;828201;2427156;4509961;0,243243243;0,243243243;0,459459459;0,538176716;0,183638173
13;22;3;3;3;518875;560665;3161848;0,136363636;0,136363636;0,136363636;0,177321933;0,164104979
13;30;5;5;6;718303;985032;4412222;0,166666667;0,166666667;0,2;0,223250779;0,162798472
13;15;5;5;5;768191;745518;1806106;0,333333333;0,333333333;0,333333333;0,412776437;0,425329964
13;15;3;3;4;500284;846586;2441897;0,2;0,2;0,266666667;0,346691937;0,204875144
13;23;10;6;10;526672;1468585;3025853;0,434782609;0,260869565;0,434782609;0,485345785;0,174057365
13;30;15;15;20;1421816;2794307;3503520;0,5;0,5;0,666666667;0,7975713;0,405824999
13;43;34;26;35;3003181;5508783;6793137;0,790697674;0,604651163;0,813953488;0,810933594;0,442090451
13;30;12;12;12;1128705;1248074;3561054;0,4;0,4;0,4;0,350478819;0,316958125
13;15;5;5;5;647993;722850;1392425;0,333333333;0,333333333;0,333333333;0,519130294;0,465370128
13;30;10;3;12;494852;2042784;4306764;0,333333333;0,1;0,4;0,47431993;0,114901118
13;23;12;9;12;888146;1621464;2625162;0,52173913;0,391304348;0,52173913;0,617662453;0,338320454
13;22;6;3;7;531672;1287790;3314505;0,272727273;0,136363636;0,318181818;0,388531621;0,160407663
13;15;7;7;7;1033213;1152133;1689277;0,466666667;0,466666667;0,466666667;0,682027281;0,611630301
13;38;12;8;12;1213682;1939278;6078159;0,315789474;0,210526316;0,315789474;0,319056807;0,199679212
13;23;5;5;5;877865;748174;2776504;0,217391304;0,217391304;0,217391304;0,269466206;0,316176386
13;22;7;16;18;2472783;2815945;3358381;0,318181818;0,727272727;0,818181818;0,838482888;0,736302105
13;15;11;11;11;1687608;1826434;2435847;0,733333333;0,733333333;0,733333333;0,749814746;0,69282184
13;15;3;3;3;504965;549551;2227990;0,2;0,2;0,2;0,24665775;0,22664599
12;32;17;14;24;1936287;2996336;3797760;0,53125;0,4375;0,75;0,788974553;0,509849754
12;25;9;9;8;969837;1022179;3032214;0,36;0,36;0,32;0,337106484;0,31984451
12;16;12;12;12;1852188;1959340;2432756;0,75;0,75;0,75;0,805399308;0,76135379
12;25;17;17;17;2532984;2840957;3895438;0,68;0,68;0,68;0,729303611;0,650243695
12;25;10;8;12;1184513;1924000;3246967;0,4;0,32;0,48;0,592552989;0,364805987
12;31;5;5;6;673115;932357;4648450;0,161290323;0,161290323;0,193548387;0,20057374;0,144804182
12;16;10;10;10;1399585;1537039;2586442;0,625;0,625;0,625;0,594267724;0,541123675
12;16;5;5;7;708706;1038379;1748324;0,3125;0,3125;0,4375;0,593928242;0,405363079
12;33;3;3;6;523355;1101609;3035647;0,090909091;0,090909091;0,181818182;0,362891008;0,172403115
12;16;15;15;15;2034624;1953649;1970096;0,9375;0,9375;0,9375;0,991651676;1,032753734
12;16;8;7;9;962523;1564905;2209001;0,5;0,4375;0,5625;0,708422042;0,435727734
12;16;3;3;3;451368;551728;1810821;0,1875;0,1875;0,1875;0,304683898;0,249261523
12;25;12;12;12;1802742;1812462;3778763;0,48;0,48;0,48;0,479644265;0,477071994
12;16;11;8;12;757728;1587540;1573454;0,6875;0,5;0,75;1,00895228;0,481569846
12;31;16;7;20;856409;1715085;2557205;0,516129032;0,225806452;0,64516129;0,670687332;0,334900409
12;31;10;10;10;1382302;1689254;4082028;0,322580645;0,322580645;0,322580645;0,413827147;0,33863119
12;33;19;22;22;3080778;3355127;5545563;0,575757576;0,666666667;0,666666667;0,605011069;0,555539266
12;24;7;7;15;814644;2166394;2973847;0,291666667;0,291666667;0,625;0,728481997;0,273936083
12;25;21;21;21;2986901;3155044;3329888;0,84;0,84;0,84;0,947492528;0,896997437
12;25;15;15;16;1884347;2286005;3562632;0,6;0,6;0,64;0,641661839;0,528919911
12;31;8;8;10;839741;1172336;3685792;0,258064516;0,258064516;0,322580645;0,318068952;0,227831902
12;25;11;11;11;1873177;1637641;3192060;0,44;0,44;0,44;0,513035783;0,586823869
12;16;5;5;5;664050;766056;2283175;0,3125;0,3125;0,3125;0,335522244;0,290844986
12;24;20;20;20;2621976;2821637;3053961;0,833333333;0,833333333;0,833333333;0,923926992;0,858549274
12;16;6;3;6;572724;1103192;2217928;0,375;0,1875;0,375;0,497397571;0,258224794
12;31;25;24;25;3248674;3715830;4015799;0,806451613;0,774193548;0,806451613;0,925302785;0,808973258
12;24;8;8;8;1223041;1350146;3318226;0,333333333;0,333333333;0,333333333;0,406887897;0,368582791
12;25;13;13;14;852972;1101818;1939870;0,52;0,52;0,56;0,567985484;0,439705753
12;24;9;9;10;1320445;1756145;3341129;0,375;0,375;0,416666667;0,525614246;0,395209224
12;16;6;3;8;454619;1388053;2115055;0,375;0,1875;0,5;0,656272768;0,214944292
12;24;14;14;10;1866163;1459378;3042248;0,583333333;0,583333333;0,416666667;0,479703824;0,613415803
12;25;13;13;13;1817089;1909486;3700458;0,52;0,52;0,52;0,516013423;0,491044352
12;8;5;5;5;660918;748865;1224345;0,625;0,625;0,625;0,61164541;0,539813533
12;16;5;5;6;659477;916917;2487260;0,3125;0,3125;0,375;0,368645417;0,265141963
12;8;3;3;3;708584;573136;1523003;0,375;0,375;0,375;0,376319679;0,4652545
12;24;7;7;6;757215;755751;2909990;0,291666667;0,291666667;0,25;0,25970914;0,260212234
12;16;10;5;10;841920;1623905;2021800;0,625;0,3125;0,625;0,803197646;0,416421011
12;41;37;34;38;5303650;7118231;6568381;0,902439024;0,829268293;0,926829268;1,083711648;0,807451638
12;25;24;24;24;2911445;3244294;3516381;0,96;0,96;0,96;0,922623004;0,82796631
12;16;6;3;6;464430;1082396;2603232;0,375;0,1875;0,375;0,415789296;0,178405152
12;16;7;7;10;1214876;1429921;1667914;0,4375;0,4375;0,625;0,857310988;0,72838048
12;16;14;12;14;1645972;2153313;2231804;0,875;0,75;0,875;0,964830693;0,737507416
12;33;3;3;7;457407;832947;3572247;0,090909091;0,090909091;0,212121212;0,233171726;0,128044617
12;16;13;13;13;1160739;1328140;2002369;0,8125;0,8125;0,8125;0,66328434;0,579682866
12;24;6;3;6;460960;1087408;2799454;0,25;0,125;0,25;0,388435745;0,16466068
12;24;7;7;7;1215288;1332223;3778741;0,291666667;0,291666667;0,291666667;0,352557373;0,321611881
12;24;5;5;5;636590;744841;2686927;0,208333333;0,208333333;0,208333333;0,277209243;0,236921211
12;16;6;5;8;861875;1335433;2036956;0,375;0,3125;0,5;0,655602281;0,423119105
12;31;21;16;21;2035598;3109734;4372485;0,677419355;0,516129032;0,677419355;0,711205184;0,465547166
12;16;3;3;3;558837;563751;2233548;0,1875;0,1875;0,1875;0,25240156;0,250201473
11;26;4;4;4;495000;561573;2915093;0,153846154;0,153846154;0,153846154;0,192643254;0,169805903
11;34;9;9;9;1299949;1441195;5983841;0,264705882;0,264705882;0,264705882;0,24084781;0,217243239
11;27;7;8;7;1182880;1184922;3218679;0,259259259;0,296296296;0,259259259;0,368139227;0,367504806
11;17;6;6;7;527790;823833;2394622;0,352941176;0,352941176;0,411764706;0,344034674;0,220406394
11;35;12;12;26;1574610;2896266;3667819;0,342857143;0,342857143;0,742857143;0,789642564;0,429304172
11;27;6;3;7;479206;1495688;4139173;0,222222222;0,111111111;0,259259259;0,361349477;0,115773368
11;27;7;7;8;859378;1177117;2865031;0,259259259;0,259259259;0,296296296;0,410856636;0,299954172
11;18;14;12;14;1496682;1871800;2248208;0,777777778;0,666666667;0,777777778;0,83257421;0,665722211
11;9;5;5;5;791808;892684;974866;0,555555556;0,555555556;0,555555556;0,915699183;0,812222398
11;17;6;6;6;1178352;1234210;2841120;0,352941176;0,352941176;0,352941176;0,434409669;0,414749113
11;26;14;14;14;1719221;1818799;3284695;0,538461538;0,538461538;0,538461538;0,553719295;0,523403543
11;18;12;12;12;1485058;1559804;2215895;0,666666667;0,666666667;0,666666667;0,703916025;0,670184282
11;35;9;9;23;1571186;2007848;2980820;0,257142857;0,257142857;0,657142857;0,673589147;0,527098584
11;18;3;3;7;515912;922495;2725311;0,166666667;0,166666667;0,388888889;0,338491644;0,1893039
11;17;3;3;4;483757;766843;2584452;0,176470588;0,176470588;0,235294118;0,296713965;0,187179719
11;18;6;3;6;509233;1137399;2513338;0,333333333;0,166666667;0,333333333;0,452545181;0,202612223
11;26;5;5;6;663240;1104201;3113847;0,192307692;0,192307692;0,230769231;0,354609909;0,212996978
11;27;3;3;3;493165;568444;2268400;0,111111111;0,111111111;0,111111111;0,250592488;0,217406542
11;27;25;25;25;3460429;3499215;3939393;0,925925926;0,925925926;0,925925926;0,888262481;0,878416802
11;45;38;38;40;4509400;4823630;5614341;0,844444444;0,844444444;0,888888889;0,859162277;0,803193109
11;34;3;3;5;490324;773504;2017075;0,088235294;0,088235294;0,147058824;0,383478056;0,243086648
11;67;50;50;58;7761777;9769499;12053485;0,746268657;0,746268657;0,865671642;0,810512395;0,643944635
11;18;11;7;11;1001980;1326927;2347435;0,611111111;0,388888889;0,611111111;0,56526677;0,42684036
11;17;5;5;7;925430;969800;1727775;0,294117647;0,294117647;0,411764706;0,561299938;0,535619511
11;27;12;11;12;1459600;1741504;3438409;0,444444444;0,407407407;0,444444444;0,506485412;0,424498656
11;45;26;26;28;3313149;3687026;6380796;0,577777778;0,577777778;0,622222222;0,577831669;0,519237568
11;26;14;12;15;1552432;1900811;2984212;0,538461538;0,461538462;0,576923077;0,636955752;0,520215052
11;26;10;10;18;1034374;2588810;3659945;0,384615385;0,384615385;0,692307692;0,707335766;0,282620094
11;36;28;22;27;2489299;3551837;4656836;0,777777778;0,611111111;0,75;0,762714641;0,534547276
11;26;9;9;12;1257088;1756350;4256622;0,346153846;0,346153846;0,461538462;0,412615919;0,29532526
11;17;13;4;13;482267;1990005;2743500;0,764705882;0,235294118;0,764705882;0,725352652;0,175785311
11;27;10;10;15;832460;1459128;2971116;0,37037037;0,37037037;0,555555556;0,491104353;0,280184281
11;18;12;12;12;1967986;1990450;2794055;0,666666667;0,666666667;0,666666667;0,712387551;0,704347624
11;17;5;5;5;688390;789543;2278354;0,294117647;0,294117647;0,294117647;0,346540968;0,302143565
11;17;5;4;5;485269;729281;2205679;0,294117647;0,235294118;0,294117647;0,330637867;0,220008895
11;27;4;4;5;480759;876043;3721142;0,148148148;0,148148148;0,185185185;0,235423158;0,129196628
11;18;9;5;9;689827;1440272;2488966;0,5;0,277777778;0,5;0,578662786;0,277154047
11;26;4;3;4;467634;735702;3813896;0,153846154;0,115384615;0,153846154;0,192900383;0,122613202
11;18;8;8;9;1006338;1221163;2392047;0,444444444;0,444444444;0,5;0,510509618;0,4207016
11;27;11;11;11;1113191;1316347;3689669;0,407407407;0,407407407;0,407407407;0,356765607;0,301704841
11;18;16;13;16;1348910;1732880;2318343;0,888888889;0,722222222;0,888888889;0,747464892;0,58184229
11;27;3;3;3;476956;563923;3815188;0,111111111;0,111111111;0,111111111;0,147810016;0,125015071
11;18;11;11;11;2008525;1757551;2933965;0,611111111;0,611111111;0,611111111;0,599036117;0,684577014
11;27;10;10;15;910186;1428814;2556577;0,37037037;0,37037037;0,555555556;0,558877749;0,356017441
11;17;3;3;4;478714;749510;2578060;0,176470588;0,176470588;0,235294118;0,29072636;0,185687688
11;18;3;3;3;478870;562175;2595463;0,166666667;0,166666667;0,166666667;0,216599119;0,184502726
11;18;4;4;4;515521;586277;1851708;0,222222222;0,222222222;0,222222222;0,316614175;0,278402966
11;34;3;3;22;486578;3036858;4724592;0,088235294;0,088235294;0,647058824;0,642776773;0,102988364
11;26;16;16;16;2138208;2171041;3502794;0,615384615;0,615384615;0,615384615;0,619802649;0,610429274
10;29;3;3;3;498114;560616;3100218;0,103448276;0,103448276;0,103448276;0,180831154;0,160670637
10;39;15;6;15;867969;2485844;7004951;0,384615385;0,153846154;0,384615385;0,354869577;0,123907933
10;30;3;3;5;475054;761548;3489156;0,1;0,1;0,166666667;0,218261379;0,136151551
10;29;13;13;13;1691338;1814015;3699348;0,448275862;0,448275862;0,448275862;0,490360734;0,457198944
10;39;16;3;19;617302;1798036;5705893;0,41025641;0,076923077;0,487179487;0,315119123;0,108186747
10;30;4;4;5;486448;743485;3437120;0,133333333;0,133333333;0,166666667;0,216310458;0,141527791
10;28;12;12;13;1021813;1329851;3622776;0,428571429;0,428571429;0,464285714;0,367080659;0,282052492
10;19;8;8;8;1266784;1392395;2744378;0,421052632;0,421052632;0,421052632;0,507362688;0,46159239
10;28;12;9;14;854735;2128280;3776312;0,428571429;0,321428571;0,5;0,563586907;0,226341203
10;28;11;11;18;853487;1183744;1791174;0,392857143;0,392857143;0,642857143;0,660876051;0,476495862
10;47;27;24;31;10443546;4407841;5956056;0,574468085;0,510638298;0,659574468;0,740060369;1,753433144
10;28;9;6;10;586223;1419065;3748864;0,321428571;0,214285714;0,357142857;0,378532003;0,156373504
10;19;10;10;10;1087625;1299095;1708939;0,526315789;0,526315789;0,526315789;0,760176343;0,636432898
10;60;14;11;20;1420056;2362596;8327954;0,233333333;0,183333333;0,333333333;0,283694651;0,170516792
10;30;21;21;22;2367127;2582158;3419110;0,7;0,7;0,733333333;0,755213491;0,692322563
10;49;17;11;21;904578;2077620;6448714;0,346938776;0,224489796;0,428571429;0,322175863;0,140272619
10;19;3;3;3;470332;572367;2541436;0,157894737;0,157894737;0,157894737;0,225214013;0,185065451
10;38;14;14;14;1932752;2210374;5489328;0,368421053;0,368421053;0,368421053;0,402667503;0,352092642
10;10;3;3;3;496437;571394;1185495;0,3;0,3;0,3;0,481987693;0,418759252
10;10;7;7;8;768158;940828;1164992;0,7;0,7;0,8;0,807583228;0,659367618
10;10;5;5;5;938596;915334;1632704;0,5;0,5;0,5;0,560624584;0,574872114
10;10;3;3;3;487952;615904;1593774;0,3;0,3;0,3;0,386443749;0,30616135
10;29;13;4;12;482000;1729934;3809952;0,448275862;0,137931034;0,413793103;0,454056639;0,12651078
10;20;3;3;3;475785;566153;2674672;0,15;0,15;0,15;0,211671936;0,177885363
10;49;16;7;23;773440;2148383;4367190;0,326530612;0,142857143;0,469387755;0,49193715;0,177102439
10;28;3;3;4;473539;735720;2939817;0,107142857;0,107142857;0,142857143;0,250260475;0,161077713
10;29;21;21;21;2676187;3116029;3002259;0,724137931;0,724137931;0,724137931;1,037894799;0,891391116
10;30;5;5;6;656350;950148;4067417;0,166666667;0,166666667;0,2;0,23359985;0,161367767
10;29;15;15;15;1863903;2086080;3020800;0,517241379;0,517241379;0,517241379;0,690572034;0,617022974
10;20;10;10;12;1231080;1398909;3045026;0,5;0,5;0,6;0,4594079;0,404292114
10;20;9;9;10;987596;1173297;2665075;0,45;0,45;0,5;0,440249149;0,370569684
10;10;3;3;3;461568;548907;1189256;0,3;0,3;0,3;0,461554955;0,388114922
10;58;7;7;26;714407;3089950;8572814;0,120689655;0,120689655;0,448275862;0,360435908;0,083334014
10;46;31;29;33;1779575;4141929;5237775;0,673913043;0,630434783;0,717391304;0,790780245;0,339757817
10;38;19;17;21;1480765;2491664;4588405;0,5;0,447368421;0,552631579;0,543034889;0,322718897
10;28;7;7;8;753437;795558;3182690;0,25;0,25;0,285714286;0,249964024;0,236729622
10;20;4;3;8;487190;1447108;2506313;0,2;0,15;0,4;0,577385187;0,194385139
10;20;3;3;3;486294;569154;1972611;0,15;0,15;0,15;0,28852825;0,246523009
10;40;17;17;17;2189399;2227015;5801957;0,425;0,425;0,425;0,383838591;0,377355261
10;37;8;8;13;825525;1457425;4560117;0,216216216;0,216216216;0,351351351;0,319602545;0,181031539
10;49;41;36;41;4088008;4995983;5937916;0,836734694;0,734693878;0,836734694;0,841369767;0,688458375
10;37;28;28;30;2804088;3265940;4335984;0,756756757;0,756756757;0,810810811;0,753217724;0,646701648
10;30;27;27;27;3222838;3388790;3622486;0,9;0,9;0,9;0,935487397;0,889675764
10;50;32;32;39;5229208;5774300;6982049;0,64;0,64;0,78;0,827020836;0,748950344
10;29;3;3;15;491598;1000692;1550663;0,103448276;0,103448276;0,517241379;0,645331707;0,317024395
10;28;3;3;3;558312;589396;3509344;0,107142857;0,107142857;0,107142857;0,167950477;0,159092981
10;29;9;9;11;1288934;1574004;4048557;0,310344828;0,310344828;0,379310345;0,388781484;0,318368742
10;28;6;6;7;728518;935587;4104198;0,214285714;0,214285714;0,25;0,227958544;0,177505569
10;19;3;3;3;462606;546896;2848543;0,157894737;0,157894737;0,157894737;0,191991485;0,162400919
9;41;9;3;13;459083;1193415;5596463;0,219512195;0,073170732;0,317073171;0,213244508;0,082030918
9;33;21;18;21;2308830;3196687;3765916;0,636363636;0,545454545;0,636363636;0,848847133;0,6130859
9;33;3;3;3;469785;564161;3350998;0,090909091;0,090909091;0,090909091;0,168356114;0,140192564
9;41;11;10;18;1580316;2784226;5501180;0,268292683;0,243902439;0,43902439;0,506114325;0,28726855
9;22;5;5;6;647876;1173324;2792773;0,227272727;0,227272727;0,272727273;0,420128668;0,231983051
9;22;8;8;12;1198338;1700690;2701711;0,363636364;0,363636364;0,545454545;0,629486277;0,443547811
9;32;3;3;19;497917;1448958;3261297;0,09375;0,09375;0,59375;0,444288883;0,152674534
9;31;12;12;14;1744133;1962235;2816721;0,387096774;0,387096774;0,451612903;0,696638041;0,619206872
9;22;5;5;5;644788;747500;2720582;0,227272727;0,227272727;0,227272727;0,274757386;0,2370037
9;21;3;3;4;471606;716827;2920693;0,142857143;0,142857143;0,19047619;0,245430451;0,161470582
9;21;15;15;15;2038026;2288434;3019594;0,714285714;0,714285714;0,714285714;0,757861487;0,674933782
9;22;10;10;10;1399989;1470499;2623249;0,454545455;0,454545455;0,454545455;0,560564018;0,533685136
9;21;6;6;7;527682;814705;2978682;0,285714286;0,285714286;0,333333333;0,273511909;0,177152848
9;22;3;3;3;461217;538656;2513746;0,136363636;0,136363636;0,136363636;0,21428418;0,183477965
9;41;18;18;17;2012634;2089832;5024516;0,43902439;0,43902439;0,414634146;0,415927027;0,400562761
9;33;6;3;7;471908;1313330;4122908;0,181818182;0,090909091;0,212121212;0,318544581;0,114459988
9;11;3;3;3;490960;569162;1388005;0,272727273;0,272727273;0,272727273;0,410057601;0,353716305
9;31;13;9;13;1012677;2296690;3848466;0,419354839;0,290322581;0,419354839;0,596780639;0,263137832
9;41;6;3;14;475399;2079952;6222026;0,146341463;0,073170732;0,341463415;0,334288542;0,07640582
9;33;25;25;27;3059631;3615871;4697519;0,757575758;0,757575758;0,818181818;0,76974058;0,651329138
9;41;32;32;32;3877788;3938966;5224695;0,780487805;0,780487805;0,780487805;0,753913099;0,742203708
9;53;8;5;9;651937;1560017;8247924;0,150943396;0,094339623;0,169811321;0,189140564;0,079042557
9;22;19;5;19;663301;1480271;1576202;0,863636364;0,227272727;0,863636364;0,939137877;0,420822331
9;41;20;20;24;2533775;3206414;6794186;0,487804878;0,487804878;0,585365854;0,471934975;0,372932828
9;22;12;3;12;486936;1517504;3017028;0,545454545;0,136363636;0,545454545;0,502979754;0,161395917
9;41;13;13;14;1568231;1951182;6845096;0,317073171;0,317073171;0,341463415;0,285048157;0,22910285
9;21;14;5;14;796673;1917697;3084000;0,666666667;0,238095238;0,666666667;0,621821336;0,258324578
9;32;18;18;18;2323940;2555087;3909628;0,5625;0,5625;0,5625;0,653537114;0,594414609
9;31;20;20;23;2402899;2884343;3907759;0,64516129;0,64516129;0,741935484;0,738106674;0,614904604
9;42;7;7;17;885320;2077186;6999363;0,166666667;0,166666667;0,404761905;0,296767863;0,126485796
9;11;3;3;3;458096;554168;1483530;0,272727273;0,272727273;0,272727273;0,373546878;0,308787824
9;44;34;34;33;4313693;4628894;6111908;0,772727273;0,772727273;0,75;0,757356623;0,705785002
9;33;9;9;9;1057097;1191524;4126145;0,272727273;0,272727273;0,272727273;0,288774146;0,256194826
9;31;3;3;8;487686;1006721;3929774;0,096774194;0,096774194;0,258064516;0,256177836;0,124100266
9;22;4;4;4;477514;552617;2910876;0,181818182;0,181818182;0,181818182;0,1898456;0,164044776
9;31;11;11;17;1450791;2488515;4229944;0,35483871;0,35483871;0,548387097;0,588309207;0,342981136
9;22;9;9;10;1294611;1518688;2885393;0,409090909;0,409090909;0,454545455;0,52633662;0,448677529
9;44;20;20;20;1352330;1456601;7150062;0,454545455;0,454545455;0,454545455;0,203718653;0,189135423
9;32;11;11;17;1682830;2772705;4280387;0,34375;0,34375;0,53125;0,647769699;0,393149031
9;55;34;34;39;2172783;2960379;5464838;0,618181818;0,618181818;0,709090909;0,541713954;0,397593305
9;11;6;6;6;704927;821428;1470905;0,545454545;0,545454545;0,545454545;0,55845075;0,47924713
9;21;9;7;8;780466;1337708;2378364;0,428571429;0,333333333;0,380952381;0,562448809;0,328152461
9;52;12;12;13;1586271;1790654;7082820;0,230769231;0,230769231;0,25;0,252816534;0,223960372
9;32;13;13;12;994539;1010867;3593632;0,40625;0,40625;0,375;0,281293967;0,276750374
9;21;13;13;13;1882411;2017122;2810285;0,619047619;0,619047619;0,619047619;0,717764213;0,669829217
9;33;4;3;10;476958;1600145;4643637;0,121212121;0,090909091;0,303030303;0,344588735;0,102712163
9;11;5;5;5;643076;776525;1140025;0,454545455;0,454545455;0,454545455;0,681147343;0,564089384
9;11;3;3;3;483179;634726;1925664;0,272727273;0,272727273;0,272727273;0,329614097;0,250915528
9;33;16;16;21;1353834;1862662;4381871;0,484848485;0,484848485;0,636363636;0,425083714;0,308962541
8;58;42;47;47;5778417;6183760;7207148;0,724137931;0,810344828;0,810344828;0,858003749;0,801761945
8;35;3;3;3;474648;551181;4841794;0,085714286;0,085714286;0,085714286;0,113838177;0,098031432
8;49;23;18;24;1968206;3006643;5408191;0,469387755;0,367346939;0,489795918;0,555942458;0,363930564
8;50;26;23;26;2914689;3413418;7921260;0,52;0,46;0,52;0,430918566;0,367957749
8;24;3;3;8;502936;961906;3295071;0,125;0,125;0,333333333;0,291922693;0,152632826
8;24;3;3;4;461072;730800;3549995;0,125;0,125;0,166666667;0,205859445;0,12987962
8;12;4;4;4;505532;588533;1828412;0,333333333;0,333333333;0,333333333;0,321882048;0,276486919
8;50;26;26;27;3187562;3565287;7540245;0,52;0,52;0,54;0,472834371;0,422739845
8;24;5;5;5;820982;905714;2977500;0,208333333;0,208333333;0,208333333;0,304186062;0,275728631
8;24;10;7;10;691419;1183395;3381743;0,416666667;0,291666667;0,416666667;0,349936409;0,2044564
8;25;6;6;6;545752;666937;2605613;0,24;0,24;0,24;0,255961649;0,20945244
8;35;6;6;7;689453;1097383;4649108;0,171428571;0,171428571;0,2;0,236041623;0,14829791
8;24;3;3;10;510971;1087487;3248108;0,125;0,125;0,416666667;0,334806293;0,157313427
8;23;14;14;15;1730691;2131998;3064098;0,608695652;0,608695652;0,652173913;0,695799547;0,564828866
8;48;35;29;36;3978945;5379324;7410578;0,729166667;0,604166667;0,75;0,725898034;0,536927754
8;24;7;7;7;682784;773067;2977825;0,291666667;0,291666667;0,291666667;0,259607935;0,229289498
8;24;17;17;17;1011703;1127008;1598502;0,708333333;0,708333333;0,708333333;0,705040094;0,632906934
8;37;26;26;30;3194869;3608030;4538149;0,702702703;0,702702703;0,810810811;0,795044411;0,704002667
8;46;22;22;21;2751803;2566819;6600716;0,47826087;0,47826087;0,456521739;0,388869783;0,416894622
8;12;3;3;3;488329;563089;1843632;0,25;0,25;0,25;0,305423751;0,264873359
8;25;13;13;13;1754103;1855287;3480330;0,52;0,52;0,52;0,533077898;0,504004793
8;37;13;13;22;618464;1586176;3864099;0,351351351;0,351351351;0,594594595;0,410490518;0,16005387
8;36;9;8;11;1383044;1766689;4836009;0,25;0,222222222;0,305555556;0,365319626;0,285988715
8;25;21;21;21;2824353;2955083;3343434;0,84;0,84;0,84;0,883846668;0,84474615
8;12;5;5;5;727548;773472;2029620;0,416666667;0,416666667;0,416666667;0,381092027;0,358465131
8;48;27;27;28;3488084;3546640;7124174;0,5625;0,5625;0,583333333;0,497831749;0,48961241
8;12;5;5;5;666831;813499;1551523;0,416666667;0,416666667;0,416666667;0,524322875;0,429791244
8;23;12;10;12;1561712;1906479;3194988;0,52173913;0,434782609;0,52173913;0,596709283;0,488800584
8;37;21;15;21;2111016;3116228;4846993;0,567567568;0,405405405;0,567567568;0,642919847;0,43553106
8;25;15;15;18;1854739;2469603;3061035;0,6;0,6;0,72;0,80678692;0,605918913
8;24;14;14;14;2065201;2272831;3173983;0,583333333;0,583333333;0,583333333;0,716081655;0,650665426
8;45;3;3;9;496038;1203212;6591750;0,066666667;0,066666667;0,2;0,182533015;0,075251337
8;23;13;13;16;1850197;2217714;2844153;0,565217391;0,565217391;0,695652174;0,779744972;0,650526536
8;24;10;3;10;507157;1630267;2832516;0,416666667;0,125;0,416666667;0,575554383;0,179048238
8;23;18;18;18;2493253;2639408;3169843;0,782608696;0,782608696;0,782608696;0,832662059;0,786554097
8;35;12;12;12;1810756;1869175;4373031;0,342857143;0,342857143;0,342857143;0,427432369;0,414073442
8;47;5;5;27;739358;3674111;7162984;0,106382979;0,106382979;0,574468085;0,512930226;0,103219273
8;47;26;20;27;3007299;4038085;7620413;0,553191489;0,425531915;0,574468085;0,529903694;0,394637272
8;24;8;8;10;1180676;1590868;3251625;0,333333333;0,333333333;0,416666667;0,48925322;0,363103371
8;37;3;3;4;480648;746370;5000198;0,081081081;0,081081081;0,108108108;0,149268089;0,096125793
8;50;4;4;13;483212;1348525;6039365;0,08;0,08;0,26;0,223289203;0,080010398
8;23;4;4;5;499590;773462;3920320;0,173913043;0,173913043;0,217391304;0,197295629;0,127436026
8;46;14;14;14;1037037;1275998;6939844;0,304347826;0,304347826;0,304347826;0,183865516;0,149432322
8;46;32;32;32;4146716;4185538;6772970;0,695652174;0,695652174;0,695652174;0,617976752;0,61224485
8;25;5;5;6;687446;968296;3264937;0,2;0,2;0,24;0,296574176;0,210554139
8;35;25;25;25;3594251;3519254;5404479;0,714285714;0,714285714;0,714285714;0,651173591;0,665050415
8;12;4;4;4;489142;563170;1635603;0,333333333;0,333333333;0,333333333;0,344319496;0,299059124
8;48;15;14;22;1946146;3153588;6941242;0,3125;0,291666667;0,458333333;0,454326185;0,280374319
8;37;9;29;29;2499332;2684702;3521801;0,243243243;0,783783784;0,783783784;0,762309398;0,709674397
8;25;4;4;10;534522;1257323;3901708;0,16;0,16;0,4;0,322249384;0,136996925
7;26;6;6;6;645114;743947;3115042;0,230769231;0,230769231;0,230769231;0,238824067;0,207096405
7;14;8;3;9;544333;1580493;1935845;0,571428571;0,214285714;0,642857143;0,816435717;0,281186252
7;55;39;39;39;2987558;3125505;3892033;0,709090909;0,709090909;0,709090909;0,80305203;0,767608599
7;39;25;25;26;3443025;3389321;4722323;0,641025641;0,641025641;0,666666667;0,717723248;0,729095617
7;27;19;19;19;2592331;2963775;4359942;0,703703704;0,703703704;0,703703704;0,679773951;0,59457924
7;40;19;19;19;2743208;2766234;5175699;0,475;0,475;0,475;0,534465779;0,530016912
7;41;11;9;11;760628;920827;4382457;0,268292683;0,219512195;0,268292683;0,210116608;0,173562
7;42;9;9;13;710939;1337386;5768410;0,214285714;0,214285714;0,30952381;0,231846557;0,123246961
7;13;5;5;5;679433;756206;2009711;0,384615385;0,384615385;0,384615385;0,376275992;0,338074977
7;28;5;5;5;745862;744994;2819678;0,178571429;0,178571429;0,178571429;0,264212438;0,264520275
7;65;10;10;17;817260;1503417;5108414;0,153846154;0,153846154;0,261538462;0,294302106;0,159983118
7;27;17;17;17;2476564;2660799;4524967;0,62962963;0,62962963;0,62962963;0,588026167;0,547310953
7;51;46;46;46;8498258;8467108;9325921;0,901960784;0,901960784;0,901960784;0,907911186;0,911251339
7;13;8;8;8;737442;864575;1124342;0,615384615;0,615384615;0,615384615;0,768960868;0,655887621
7;57;56;54;56;4432171;5278574;4881379;0,98245614;0,947368421;0,98245614;1,081369425;0,907975185
7;28;13;13;13;1810975;1863785;3351411;0,464285714;0,464285714;0,464285714;0,556119497;0,540361955
7;14;3;3;3;483910;554071;2041222;0,214285714;0,214285714;0,214285714;0,271440833;0,237068775
7;39;27;27;27;3428566;3547437;4713142;0,692307692;0,692307692;0,692307692;0,752669238;0,727448059
7;38;22;4;22;659481;2719404;3706019;0,578947368;0,105263158;0,578947368;0,733780372;0,177948629
7;51;13;10;21;1591547;2543085;8146214;0,254901961;0,196078431;0,411764706;0,312179989;0,195372599
7;54;13;13;16;983664;1679512;7018088;0,240740741;0,240740741;0,296296296;0,239311904;0,140161252
7;38;3;3;4;485449;781600;5459133;0,078947368;0,078947368;0,105263158;0,143172918;0,088924194
7;57;36;31;39;3541361;5477843;8729050;0,631578947;0,543859649;0,684210526;0,627541714;0,405698329
7;42;26;11;33;1299787;4020893;5480492;0,619047619;0,261904762;0,785714286;0,733673729;0,237166116
7;38;12;4;24;793484;3336110;4452473;0,315789474;0,105263158;0,631578947;0,749271248;0,178211973
7;14;8;8;8;845680;933644;1619456;0,571428571;0,571428571;0,571428571;0,576517053;0,522200047
7;52;10;10;10;1529123;1734539;8231182;0,192307692;0,192307692;0,192307692;0,210727815;0,185771983
7;26;3;3;4;494044;860386;3706528;0,115384615;0,115384615;0,153846154;0,232127209;0,133290238
7;27;12;15;14;1180940;1165937;2012484;0,444444444;0,555555556;0,518518519;0,579352184;0,58680715
7;27;6;6;7;970976;1092627;3473535;0,222222222;0,222222222;0,259259259;0,314557648;0,279535401
7;57;34;32;35;4721150;5183291;9893014;0,596491228;0,561403509;0,614035088;0,523934465;0,477220592
7;40;11;11;17;1082158;2255419;5272451;0,275;0,275;0,425;0,427774293;0,205247616
7;42;17;17;24;2507295;2579580;6849573;0,404761905;0,404761905;0,571428571;0,376604498;0,366051285
7;13;9;9;9;1372563;1454740;1496533;0,692307692;0,692307692;0,692307692;0,972073452;0,917161867
7;26;6;6;6;557645;658053;2894663;0,230769231;0,230769231;0,230769231;0,227333199;0,192645914
7;71;13;4;26;514789;2091533;8989680;0,183098592;0,056338028;0,366197183;0,232659338;0,057264441
7;51;24;24;26;3552187;4263964;9530370;0,470588235;0,470588235;0,509803922;0,447408023;0,372722885
7;26;24;24;24;3200386;3427300;3492524;0,923076923;0,923076923;0,923076923;0,981324681;0,916353331
7;14;3;3;3;507941;570054;1607799;0,214285714;0,214285714;0,214285714;0,354555513;0,315923197
7;27;3;3;5;480079;764246;3230450;0,111111111;0,111111111;0,185185185;0,236575709;0,148610565
7;40;9;9;11;1345903;1670577;5535814;0,225;0,225;0,275;0,301776216;0,243126485
7;57;4;4;5;512415;796808;5672016;0,070175439;0,070175439;0,087719298;0,140480563;0,090340895
7;38;11;11;11;1441129;1631268;4954798;0,289473684;0,289473684;0,289473684;0,329229971;0,290855248
7;27;7;7;8;1067261;1398565;3850580;0,259259259;0,259259259;0,296296296;0,363208919;0,277168894
7;26;11;10;11;1547129;1529520;3165808;0,423076923;0,384615385;0,423076923;0,483137322;0,488699567
7;38;20;7;22;1253994;1987842;3521258;0,526315789;0,184210526;0,578947368;0,564526087;0,356121023
7;41;8;8;15;1112819;1821187;6420455;0,195121951;0,195121951;0,365853659;0,283653884;0,173324009
7;54;32;32;32;4076717;4213434;8226188;0,592592593;0,592592593;0,592592593;0,51219763;0,495577903
7;14;5;5;5;688912;778489;2019796;0,357142857;0,357142857;0,357142857;0,385429519;0,34107999
7;53;26;15;27;923758;3434090;7812612;0,490566038;0,283018868;0,509433962;0,439557219;0,118239329
6;60;22;22;33;2880625;5387430;9308670;0,366666667;0,366666667;0,55;0,578754;0,309456131
6;64;11;11;23;1638374;3146697;8923513;0,171875;0,171875;0,359375;0,352629844;0,183601907
6;31;8;8;11;1261347;2198471;6462471;0,258064516;0,258064516;0,35483871;0,340190463;0,195180296
6;29;15;15;15;1724716;1841379;3422968;0,517241379;0,517241379;0,517241379;0,537948061;0,503865651
6;15;4;4;4;505305;652936;2188712;0,266666667;0,266666667;0,266666667;0,298319742;0,230868657
6;15;7;7;11;765451;1086863;2326062;0,466666667;0,466666667;0,733333333;0,467254527;0,329075923
6;48;7;7;9;1286886;1428205;7589133;0,145833333;0,145833333;0,1875;0,188190799;0,169569567
6;32;3;3;3;586341;548685;3826886;0,09375;0,09375;0,09375;0,143376364;0,153216218
6;73;61;61;61;2888897;3185642;5825575;0,835616438;0,835616438;0,835616438;0,546837351;0,495899031
6;63;17;17;21;2165327;2813512;7146004;0,26984127;0,26984127;0,333333333;0,393718223;0,303012285
6;47;3;3;28;450667;3964290;7096476;0,063829787;0,063829787;0,595744681;0,558627973;0,063505746
6;29;3;3;4;461256;979778;4167994;0,103448276;0,103448276;0,137931034;0,235071836;0,110666186
6;44;12;12;17;860431;1521865;5644203;0,272727273;0,272727273;0,386363636;0,269633286;0,152445084
6;30;17;17;17;2356075;2543309;4345484;0,566666667;0,566666667;0,566666667;0,585276347;0,542189317
6;33;15;15;15;2069430;2280957;4286034;0,454545455;0,454545455;0,454545455;0,532183599;0,482830981
6;74;63;43;72;6925832;12370337;12670191;0,851351351;0,581081081;0,972972973;0,976333901;0,54662412
6;47;34;34;36;5565364;6484393;7213308;0,723404255;0,723404255;0,765957447;0,898948582;0,771541157
6;47;5;5;5;761632;788800;6525563;0,106382979;0,106382979;0,106382979;0,120878459;0,11671514
6;33;19;19;19;2616741;2734665;3960822;0,575757576;0,575757576;0,575757576;0,690428653;0,660656046
6;43;14;14;18;1084827;2452660;5492065;0,325581395;0,325581395;0,418604651;0,446582479;0,197526249
6;44;31;31;33;2794729;3219962;4573494;0,704545455;0,704545455;0,75;0,70404859;0,611070879
6;32;15;9;16;1228396;1920338;4233410;0,46875;0,28125;0,5;0,453614935;0,290167028
6;15;3;3;3;479918;555516;1882621;0,2;0,2;0,2;0,295075854;0,254920135
6;44;17;17;18;2502619;2584333;4565624;0,386363636;0,386363636;0,409090909;0,566041575;0,548143912
6;33;27;27;27;3479448;3394810;4338368;0,818181818;0,818181818;0,818181818;0,782508538;0,802017717
6;31;3;3;4;619762;741089;4268023;0,096774194;0,096774194;0,129032258;0,173637537;0,145210558
6;15;13;13;13;1579398;1744711;1803663;0,866666667;0,866666667;0,866666667;0,967315402;0,875661362
6;32;3;3;3;488867;548221;3463591;0,09375;0,09375;0,09375;0,158281102;0,141144552
6;33;10;10;11;916876;998152;3545074;0,303030303;0,303030303;0,333333333;0,281560272;0,258633811
6;50;5;5;11;703631;1435670;8566515;0,1;0,1;0,22;0,167590905;0,082137369
6;62;20;20;36;1477609;2010546;7251454;0,322580645;0,322580645;0,580645161;0,277261084;0,203767272
6;29;10;10;14;851600;1262866;3992887;0,344827586;0,344827586;0,482758621;0,316278923;0,213279264
6;44;21;21;26;2598601;3465136;6598989;0,477272727;0,477272727;0,590909091;0,525101042;0,393787745
6;46;6;6;6;660837;627483;7199109;0,130434783;0,130434783;0,130434783;0,087161203;0,091794276
6;47;43;33;43;1708157;2434089;2636598;0,914893617;0,70212766;0,914893617;0,923193069;0,647864028
6;49;7;7;14;1043009;1717681;7363922;0,142857143;0,142857143;0,285714286;0,233256273;0,141637703
6;33;12;3;11;473091;1475117;4226709;0,363636364;0,090909091;0,333333333;0,348998949;0,111928926
6;15;5;5;5;655979;750461;2421392;0,333333333;0,333333333;0,333333333;0,309929578;0,270909873
6;66;8;8;8;1247257;1206642;19166680;0,121212121;0,121212121;0,121212121;0,062955191;0,065074233
6;47;11;6;7;805802;1150188;17217079;0,234042553;0,127659574;0,14893617;0,06680506;0,04680248
6;33;3;3;8;482050;826027;6041403;0,090909091;0,090909091;0,242424242;0,136727677;0,079791068
6;30;3;3;12;480333;1414229;7261051;0,1;0,1;0,4;0,194769187;0,066151994
6;49;3;3;4;483507;738710;24735707;0,06122449;0,06122449;0,081632653;0,029864115;0,019546925
6;29;17;17;17;2140702;2181503;3433216;0,586206897;0,586206897;0,586206897;0,635410938;0,623526746
6;45;30;30;31;4038460;4078556;7729378;0,666666667;0,666666667;0,688888889;0,527669367;0,522481887
6;46;21;19;21;2426674;2769202;8488260;0,456521739;0,413043478;0,456521739;0,326239064;0,285885918
6;16;3;3;3;483284;551030;3177813;0,1875;0,1875;0,1875;0,173399127;0,152080692
6;32;11;11;11;1585100;2039755;5501716;0,34375;0,34375;0,34375;0,370748872;0,28811011
6;46;16;11;25;1676323;3220950;10104658;0,347826087;0,239130435;0,543478261;0,318758933;0,165896065
6;63;33;30;35;2100027;2312895;6786134;0,523809524;0,476190476;0,555555556;0,340826603;0,309458522
5;35;21;21;21;2668672;2699541;8374878;0,6;0,6;0,6;0,322337949;0,318652045
5;38;13;13;13;1851226;2086776;4923725;0,342105263;0,342105263;0,342105263;0,423820583;0,375980787
5;59;20;20;35;2849225;4727278;11787402;0,338983051;0,338983051;0,593220339;0,401044946;0,24171781
5;19;3;3;3;508003;576498;2778377;0,157894737;0,157894737;0,157894737;0,207494519;0,182841637
5;18;3;3;3;456804;550727;3201004;0,166666667;0,166666667;0,166666667;0,172048207;0,142706476
5;79;61;49;68;7680748;10695547;15906665;0,772151899;0,620253165;0,860759494;0,672394056;0,482863504
5;20;13;7;13;1031355;1631940;3309339;0,65;0,35;0,65;0,49313171;0,311649849
5;34;20;20;22;2383714;2850219;5022244;0,588235294;0,588235294;0,647058824;0,567519021;0,47463126
5;52;37;37;38;2894431;2931816;6631607;0,711538462;0,711538462;0,730769231;0,442097368;0,436459971
5;20;3;3;3;478815;550870;2689182;0,15;0,15;0,15;0,204846678;0,178052285
5;53;9;3;11;509722;1522833;10909091;0,169811321;0,056603774;0,20754717;0,139593024;0,046724516
5;19;6;6;6;1021769;1254393;4022128;0,315789474;0,315789474;0,315789474;0,311872969;0,254036918
5;37;13;13;14;1801561;2047244;9220554;0,351351351;0,351351351;0,378378378;0,222030477;0,195385332
5;34;24;24;24;3010909;3276177;7120877;0,705882353;0,705882353;0,705882353;0,460080549;0,422828396
5;34;3;3;3;539590;570657;6171017;0,088235294;0,088235294;0,088235294;0,092473737;0,087439396
5;36;6;6;6;638742;741206;6866716;0,166666667;0,166666667;0,166666667;0,107941846;0,093020011
5;40;7;7;9;878880;1006915;5707427;0,175;0,175;0,225;0,17642188;0,153988829
5;34;16;16;16;2346950;2547729;5681202;0,470588235;0,470588235;0,470588235;0,448448937;0,413108001
5;37;30;30;35;4081862;4722571;6679966;0,810810811;0,810810811;0,945945946;0,706975305;0,611060296
5;52;8;8;8;854513;974214;10887156;0,153846154;0,153846154;0,153846154;0,089482873;0,078488175
5;51;9;9;9;908516;1017113;8750733;0,176470588;0,176470588;0,176470588;0,116231749;0,103821703
5;56;13;13;26;842803;2042490;8536124;0,232142857;0,232142857;0,464285714;0,239276046;0,098733688
5;17;10;10;10;1621891;1644451;3250066;0,588235294;0,588235294;0,588235294;0,505974648;0,49903325
5;37;26;21;27;3508368;5073136;8284908;0,702702703;0,567567568;0,72972973;0,612334621;0,423464932
5;40;31;31;31;3639083;4080741;6522277;0,775;0,775;0,775;0,62566202;0,557946711
5;38;15;10;23;609420;2614143;5757366;0,394736842;0,263157895;0,605263158;0,454051905;0,105850488
5;34;13;13;13;1174803;1073131;4376150;0,382352941;0,382352941;0,382352941;0,245222627;0,268455834
5;69;21;19;31;2399855;4624274;13913578;0,304347826;0,275362319;0,449275362;0,332356925;0,172482952
5;57;26;21;27;2838521;3534545;9847978;0,456140351;0,368421053;0,473684211;0,358910733;0,288233889
5;35;3;3;3;480382;552632;5050838;0,085714286;0,085714286;0,085714286;0,109413923;0,095109366
5;19;3;3;3;475908;557241;3764683;0,157894737;0,157894737;0,157894737;0,14801804;0,126413831
5;35;3;3;11;465300;1338534;5912205;0,085714286;0,085714286;0,314285714;0,226401825;0,078701601
5;20;12;12;12;1485503;1714296;2841628;0,6;0,6;0,6;0,603279528;0,522764767
5;20;12;12;12;1881256;1804617;3532245;0,6;0,6;0,6;0,510898027;0,532594993
5;18;9;9;9;804487;874706;2887747;0,5;0,5;0,5;0,302902574;0,278586386
5;17;9;9;9;883779;1110255;3104504;0,529411765;0,529411765;0,529411765;0,357627177;0,284676393
5;76;19;19;39;1331579;4411418;12751457;0,25;0,25;0,513157895;0,345954035;0,104425635
5;34;5;4;6;499665;1035843;5094850;0,147058824;0,117647059;0,176470588;0,203311776;0,098072563
5;51;39;39;38;4513421;3874721;7964618;0,764705882;0,764705882;0,745098039;0,486491756;0,566683926
5;57;27;32;31;4158483;4064935;10054324;0,473684211;0,561403509;0,543859649;0,404297196;0,413601451
5;54;25;25;25;3487900;3796173;8573930;0,462962963;0,462962963;0,462962963;0,442757639;0,406802948
5;51;6;6;7;704657;984350;8861196;0,117647059;0,117647059;0,137254902;0,111085456;0,079521658
5;39;11;8;10;813550;1562755;5551678;0,282051282;0,205128205;0,256410256;0,28149237;0,14654128
5;59;20;6;22;897688;4192598;13209795;0,338983051;0,101694915;0,372881356;0,317385546;0,06795624
5;34;12;12;12;1220741;1185218;4556276;0,352941176;0,352941176;0,352941176;0,260128666;0,267925165
5;19;3;3;3;483287;552833;2703126;0,157894737;0,157894737;0,157894737;0,204516179;0,178788188
5;20;3;3;5;483665;754967;3100820;0,15;0,15;0,25;0,243473339;0,155979709
5;57;10;9;21;1218727;2925969;10497695;0,175438596;0,157894737;0,368421053;0,278724901;0,116094724
5;20;4;4;4;495911;565347;2800415;0,2;0,2;0,2;0,201879721;0,177084825
5;57;29;29;43;4180800;7017911;11627241;0,50877193;0,50877193;0,754385965;0,603574915;0,359569394
4;70;9;9;17;1001734;1909276;8800884;0,128571429;0,128571429;0,242857143;0,216941389;0,113821975
4;61;11;11;11;1815584;1778471;11998114;0,180327869;0,180327869;0,180327869;0,148229213;0,15132245
4;62;8;3;42;481704;4335289;8075485;0,129032258;0,048387097;0,677419355;0,536845651;0,059650163
4;41;22;22;24;3086802;3898114;5773193;0,536585366;0,536585366;0,585365854;0,675209369;0,53467847
4;106;28;12;48;1268933;5572575;18379572;0,264150943;0,113207547;0,452830189;0,303193948;0,0690404
4;49;31;31;38;5744529;6381929;8256256;0,632653061;0,632653061;0,775510204;0,772980998;0,695778934
4;49;11;11;12;1043203;1333132;8234387;0,224489796;0,224489796;0,244897959;0,161898147;0,126688605
4;22;12;12;16;1792411;2497819;3533829;0,545454545;0,545454545;0,727272727;0,706830749;0,507214978
4;63;18;18;18;1523772;1469714;7605795;0,285714286;0,285714286;0,285714286;0,193236079;0,200343554
4;46;43;43;43;4778692;5067352;4890422;0,934782609;0,934782609;0,934782609;1,036178882;0,977153301
4;46;3;3;3;487757;564558;3889124;0,065217391;0,065217391;0,065217391;0,145163281;0,125415646
4;25;20;20;20;2669419;3131285;3276623;0,8;0,8;0,8;0,955643966;0,814686035
4;24;4;4;8;548471;995124;3736098;0,166666667;0,166666667;0,333333333;0,266353827;0,146803162
4;21;3;3;4;547950;768746;2603342;0,142857143;0,142857143;0,19047619;0,295291975;0,210479453
4;45;16;13;16;863997;2042553;5642742;0,355555556;0,288888889;0,355555556;0,361978804;0,153116517
4;25;19;19;19;3249447;3360147;3905851;0,76;0,76;0,76;0,860285505;0,83194341
4;43;8;8;9;954620;1052688;4665317;0,186046512;0,186046512;0,209302326;0,225641259;0,204620608
4;49;14;14;15;1265846;1556904;8705839;0,285714286;0,285714286;0,306122449;0,178834458;0,145401954
4;90;35;35;35;2869122;3107846;9232200;0,388888889;0,388888889;0,388888889;0,336631139;0,31077338
4;46;30;30;30;2591912;2730366;3824336;0,652173913;0,652173913;0,652173913;0,713945114;0,677741705
4;50;33;31;33;3948555;4620676;7248378;0,66;0,62;0,66;0,63747724;0,54475015
4;25;4;4;4;539122;614994;3043684;0,16;0,16;0,16;0,202055798;0,177128112
4;22;14;14;14;1176102;1326026;3319530;0,636363636;0,636363636;0,636363636;0,399461972;0,354297747
4;23;3;3;3;480595;570995;3272079;0,130434783;0,130434783;0,130434783;0,174505261;0,146877566
4;71;52;52;54;7925334;8569468;13198701;0,732394366;0,732394366;0,76056338;0,649266015;0,600463182
4;63;37;30;33;4913352;5447328;10264228;0,587301587;0,476190476;0,523809524;0,530709957;0,47868695
4;46;14;14;15;1080750;1239633;5979339;0,304347826;0,304347826;0,326086957;0,207319404;0,180747404
4;73;40;40;41;5859951;6173760;11531641;0,547945205;0,547945205;0,561643836;0,535375668;0,508162802
4;41;14;14;15;1031165;1299915;5321966;0,341463415;0,341463415;0,365853659;0,244254661;0,193756405
4;47;46;46;46;7810497;7954796;7858892;0,978723404;0,978723404;0,978723404;1,012203247;0,993842007
4;42;3;3;3;488415;544031;5415250;0,071428571;0,071428571;0,071428571;0,100462767;0,090192512
4;24;10;10;10;1232981;1301473;3046347;0,416666667;0,416666667;0,416666667;0,427224147;0,404740826
4;24;17;17;18;1763888;2149579;3020396;0,708333333;0,708333333;0,75;0,711687805;0,583992298
4;70;14;14;22;1855192;3083467;11939888;0,2;0,2;0,314285714;0,25824924;0,155377672
4;25;16;16;16;1893129;1961100;3040234;0,64;0,64;0,64;0,645049032;0,622691872
4;44;12;12;13;1154677;1547771;6915738;0,272727273;0,272727273;0,295454545;0,22380417;0,16696367
4;122;18;18;38;2579311;5253459;19795245;0,147540984;0,147540984;0,31147541;0,265389946;0,130299524
4;87;28;28;36;1198743;1774965;7777142;0,32183908;0,32183908;0,413793103;0,228228442;0,1541367
4;49;3;3;7;482881;822215;7432212;0,06122449;0,06122449;0,142857143;0,110628572;0,064971371
4;67;40;32;44;3816387;6954400;10395244;0,597014925;0,47761194;0,656716418;0,668998246;0,367128179
4;41;18;18;18;2606720;2745708;5174921;0,43902439;0,43902439;0,43902439;0,530579694;0,503721699
4;24;3;3;3;500370;573760;2605298;0,125;0,125;0,125;0,220228166;0,192058644
4;64;3;3;5;615224;760806;7001024;0,046875;0,046875;0,078125;0,108670674;0,087876288
4;44;12;12;22;1795896;3330380;7153661;0,272727273;0,272727273;0,5;0,465549038;0,251045723
4;22;3;3;3;477070;591561;3759475;0,136363636;0,136363636;0,136363636;0,157352024;0,126898038
4;64;8;34;38;3024313;3568448;7143197;0,125;0,53125;0,59375;0,499558951;0,423383675
4;45;5;5;13;728591;2099333;6991257;0,111111111;0,111111111;0,288888889;0,300279764;0,104214593
4;89;45;45;47;3935484;4397773;8633594;0,505617978;0,505617978;0,528089888;0,509379176;0,455833805
4;72;16;10;16;1075909;2189521;7272530;0,222222222;0,138888889;0,222222222;0,301067304;0,1479415
3;53;6;6;6;650353;745788;7160698;0,113207547;0,113207547;0,113207547;0,104150182;0,090822571
3;59;28;28;28;3280140;3266361;8920921;0,474576271;0,474576271;0,474576271;0,366146164;0,367690735
3;59;50;50;50;5427241;5636267;7225437;0,847457627;0,847457627;0,847457627;0,780058978;0,751129793
3;33;3;3;3;483557;553714;5022692;0,090909091;0,090909091;0,090909091;0,110242476;0,096274468
3;26;9;9;17;1209292;2695711;4314128;0,346153846;0,346153846;0,653846154;0,624856518;0,280309717
3;52;26;26;39;5395417;7418830;10340229;0,5;0,5;0,75;0,717472505;0,521788927
3;60;40;40;40;5389434;5665251;8282284;0,666666667;0,666666667;0,666666667;0,684020374;0,650718328
3;61;29;29;31;3985811;4652953;10379945;0,475409836;0,475409836;0,508196721;0,448263743;0,383991534
3;60;11;11;11;1506569;1613284;10469173;0,183333333;0,183333333;0,183333333;0,154098514;0,143905254
3;29;25;4;25;919673;3609805;4375786;0,862068966;0,137931034;0,862068966;0,824950078;0,210173212
3;28;3;3;3;760113;561062;3708704;0,107142857;0,107142857;0,107142857;0,151282497;0,204953806
3;64;6;6;10;821665;1310883;10642516;0,09375;0,09375;0,15625;0,123174163;0,077205898
3;33;5;5;5;698582;802261;4956791;0,151515152;0,151515152;0,151515152;0,161850883;0,140934326
3;54;35;35;36;1368468;1775007;5267194;0,648148148;0,648148148;0,666666667;0,336992904;0,259809682
3;27;7;7;8;1232756;1449197;4048679;0,259259259;0,259259259;0,296296296;0,357943171;0,304483512
3;62;30;30;30;3922461;4100421;10654672;0,483870968;0,483870968;0,483870968;0,384847229;0,368144697
3;61;6;6;6;665753;621674;10723769;0,098360656;0,098360656;0,098360656;0,057971596;0,062081997
3;51;26;26;27;3625365;3828944;8891044;0,509803922;0,509803922;0,529411765;0,430651788;0,407754702
3;31;3;3;3;477920;567994;3755303;0,096774194;0,096774194;0,096774194;0,151251177;0,127265363
3;65;31;26;30;4714481;5520564;9912551;0,476923077;0,4;0,461538462;0,556926668;0,475607238
3;53;11;11;16;950837;1465704;7468703;0,20754717;0,20754717;0,301886792;0,196246122;0,127309521
3;77;22;20;22;2742361;3283199;12302977;0,285714286;0,25974026;0,285714286;0,266862159;0,222902229
3;31;25;25;25;3850219;3956191;5147842;0,806451613;0,806451613;0,806451613;0,768514457;0,747928744
3;54;9;9;18;763927;1001723;5650412;0,166666667;0,166666667;0,333333333;0,177283179;0,13519846
3;61;33;32;34;4411670;4821384;10079381;0,540983607;0,524590164;0,557377049;0,478341279;0,437692553
3;54;3;3;3;485590;549833;5120804;0,055555556;0,055555556;0,055555556;0,107372397;0,094826906
3;33;3;3;3;488297;566467;4162750;0,090909091;0,090909091;0,090909091;0,136079995;0,117301543
3;63;36;30;49;3788297;7074501;10451176;0,571428571;0,476190476;0,777777778;0,676909565;0,362475668
3;61;44;33;43;4115553;5847354;9187815;0,721311475;0,540983607;0,704918033;0,636424874;0,447935989
3;30;6;6;6;1054705;1121291;4077471;0,2;0,2;0,2;0,274996683;0,258666463
3;54;14;14;15;1700047;1708768;8255121;0,259259259;0,259259259;0,277777778;0,206994907;0,205938471
3;30;8;8;8;1013243;1074908;3387254;0,266666667;0,266666667;0,266666667;0,31733906;0,299134048
3;113;40;35;42;4149993;6348030;18662905;0,353982301;0,309734513;0,371681416;0,34014158;0,222365864
3;56;18;18;23;1336501;1869328;8683138;0,321428571;0,321428571;0,410714286;0,21528254;0,153919125
3;59;55;55;55;7708829;8167762;9048929;0,93220339;0,93220339;0,93220339;0,902621957;0,851905126
3;59;24;24;24;1626559;1509956;3887065;0,406779661;0,406779661;0,406779661;0,388456586;0,418454284
3;31;9;9;10;938194;1222098;3735374;0,290322581;0,290322581;0,322580645;0,327168846;0,251164676
3;52;15;15;15;2238191;2396069;3414275;0,288461538;0,288461538;0,288461538;0,701779734;0,65553917
3;28;11;11;11;1534372;1669640;3820578;0,392857143;0,392857143;0,392857143;0,43701241;0,401607296
3;86;68;68;68;13448961;13758473;14768663;0,790697674;0,790697674;0,790697674;0,931599089;0,910641742
3;28;5;5;6;776534;1150397;4013012;0,178571429;0,178571429;0,214285714;0,286666723;0,193504031
3;27;11;11;11;1347825;1760542;2901837;0,407407407;0,407407407;0,407407407;0,606699136;0,464473022
3;117;6;6;75;555159;10648793;17371287;0,051282051;0,051282051;0,641025641;0,613011172;0,031958427
3;88;44;21;44;2327961;5807546;12979686;0,5;0,238636364;0,5;0,447433474;0,179354185
3;27;15;15;15;689974;813839;1108983;0,555555556;0,555555556;0,555555556;0,733860663;0,622168239
3;61;4;4;4;643943;807870;10787700;0,06557377;0,06557377;0,06557377;0,074888067;0,059692335
3;33;4;4;4;551750;622570;4815488;0,121212121;0,121212121;0,121212121;0,129284924;0,114578211
3;66;19;19;20;1260332;1564087;5980576;0,287878788;0,287878788;0,303030303;0,261527819;0,210737561
3;53;6;6;22;1088942;2966547;7219866;0,113207547;0,113207547;0,41509434;0,410886712;0,150825791
3;29;5;5;5;761835;796289;3309335;0,172413793;0,172413793;0,172413793;0,240619037;0,230207882
2;69;64;61;64;2360219;3267376;3668439;0,927536232;0,884057971;0,927536232;0,890672027;0,643385102
2;73;14;14;15;2256012;2597551;12343287;0,191780822;0,191780822;0,205479452;0,210442405;0,182772385
2;40;10;10;10;748063;843697;4658160;0,25;0,25;0,25;0,181122374;0,16059195
2;90;59;3;60;465689;2611910;3219955;0,655555556;0,033333333;0,666666667;0,81116351;0,144625934
2;42;6;6;6;532271;606627;4301055;0,142857143;0,142857143;0,142857143;0,141041442;0,123753591
2;40;36;36;36;1455126;1579512;1903947;0,9;0,9;0,9;0,829598723;0,764268123
2;70;5;5;25;1026267;4276106;9629262;0,071428571;0,071428571;0,357142857;0,444074115;0,10657795
2;89;33;33;35;3595216;4506699;9424662;0,370786517;0,370786517;0,393258427;0,478181499;0,381468959
2;45;5;5;6;659247;1490283;7194871;0,111111111;0,111111111;0,133333333;0,207131302;0,091627355
2;113;33;33;33;4341965;4792248;15344581;0,292035398;0,292035398;0,292035398;0,312308821;0,282964064
2;94;67;67;67;2703378;2787897;6944258;0,712765957;0,712765957;0,712765957;0,401467947;0,389296884
2;34;29;29;29;3774949;4162673;4611910;0,852941176;0,852941176;0,852941176;0,902591985;0,818521827
2;45;8;8;8;881613;985753;6998790;0,177777778;0,177777778;0,177777778;0,140846203;0,125966488
2;46;19;19;19;883791;991670;6192606;0,413043478;0,413043478;0,413043478;0,160137751;0,142717137
2;45;16;16;16;2074584;2055321;6344608;0,355555556;0,355555556;0,355555556;0,323947673;0,326983795
2;35;8;8;8;983838;966280;4510426;0,228571429;0,228571429;0,228571429;0,214232536;0,218125295
2;46;3;3;35;488411;4588547;7585378;0,065217391;0,065217391;0,760869565;0,604920018;0,064388485
2;76;62;62;62;9688750;9863087;11896722;0,815789474;0,815789474;0,815789474;0,829059215;0,81440501
2;47;10;10;10;1015314;1080537;8269698;0,212765957;0,212765957;0,212765957;0,130662208;0,122775221
2;37;4;4;20;515188;1372023;4390032;0,108108108;0,108108108;0,540540541;0,312531435;0,117354042
2;72;28;28;72;4000516;14226269;15011925;0,388888889;0,388888889;1;0,94766454;0,266489208
2;45;35;12;35;1669726;4612633;5645073;0,777777778;0,266666667;0,777777778;0,817107768;0,29578466
2;75;72;72;73;7200052;7279913;7051574;0,96;0,96;0,973333333;1,032381281;1,021056008
2;38;12;12;12;1065301;1088007;4787363;0,315789474;0,315789474;0,315789474;0,227266451;0,222523548
2;96;19;18;23;2496935;3251475;14374354;0,197916667;0,1875;0,239583333;0,22619973;0,173707632
2;49;7;7;7;580632;661060;6357193;0,142857143;0,142857143;0,142857143;0,103986146;0,09133465
2;48;30;30;30;4032189;4224469;6965058;0,625;0,625;0,625;0,606523162;0,578916787
2;36;3;3;4;508554;757497;3736278;0,083333333;0,083333333;0,111111111;0,20274107;0,136112463
2;81;66;66;66;8258229;8284315;10491690;0,814814815;0,814814815;0,814814815;0,789607299;0,78712095
2;109;74;74;74;13356794;13056758;17988024;0,678899083;0,678899083;0,678899083;0,725858382;0,742538146
2;138;36;36;42;1703889;2322071;19508476;0,260869565;0,260869565;0,304347826;0,119028826;0,087340959
2;36;3;3;3;502455;600819;4499866;0,083333333;0,083333333;0,083333333;0,133519309;0,111659992
2;34;6;6;6;1130905;1126192;3457764;0,176470588;0,176470588;0,176470588;0,325699498;0,327062518
2;46;10;3;10;503172;1496062;6601715;0,217391304;0,065217391;0,217391304;0,226617174;0,076218377
2;42;16;16;16;1852779;2118685;5294439;0,380952381;0,380952381;0,380952381;0,400171765;0,349948125
2;116;76;76;77;12421121;13128955;19294524;0,655172414;0,655172414;0,663793103;0,6804498;0,643764055
2;36;3;3;3;466224;548975;4575668;0,083333333;0,083333333;0,083333333;0,119977018;0,101892008
2;75;21;21;20;1266347;1258367;2970335;0,28;0,28;0,266666667;0,423644808;0,426331373
2;42;25;25;25;3164286;3299427;6929982;0,595238095;0,595238095;0,595238095;0,476109029;0,456608112
2;37;4;4;4;498242;554320;5159565;0,108108108;0,108108108;0,108108108;0,107435414;0,096566668
2;114;86;86;88;13920874;14557878;20269904;0,754385965;0,754385965;0,771929825;0,718201625;0,686775527
2;114;60;60;60;2578788;2614510;11662619;0,526315789;0,526315789;0,526315789;0,224178634;0,221115686
2;107;68;68;79;9402246;11810498;17266751;0,635514019;0,635514019;0,738317757;0,684002335;0,544528962
2;41;4;4;4;652163;742687;4876733;0,097560976;0,097560976;0,097560976;0,152291913;0,133729487
2;35;26;3;26;479081;4050031;4604257;0,742857143;0,085714286;0,742857143;0,879627484;0,10405175
2;39;3;3;3;519317;583551;2977703;0,076923077;0,076923077;0,076923077;0,195973541;0,17440188
2;47;44;7;44;882590;8771090;9258277;0,936170213;0,14893617;0,936170213;0,947378222;0,095329833
2;38;27;27;26;3703267;3719112;5190153;0,710526316;0,710526316;0,684210526;0,716570783;0,713517887
2;71;56;56;55;7204846;7332792;9543083;0,788732394;0,788732394;0,774647887;0,768388161;0,754980964
1;56;22;22;39;1633227;6765690;9796575;0,392857143;0,392857143;0,696428571;0,690617895;0,166714081
1;58;31;26;31;3402936;4255393;8908305;0,534482759;0,448275862;0,534482759;0,477688292;0,381995902
1;65;57;57;57;7635557;7791640;8889443;0,876923077;0,876923077;0,876923077;0,876504861;0,858946618
1;88;55;55;55;8259227;8266541;13072757;0,625;0,625;0,625;0,632348708;0,631789224
1;129;15;15;15;2085146;2422100;20170964;0,11627907;0,11627907;0,11627907;0,120078545;0,103373641
1;123;62;62;64;8602322;8469862;12128355;0,504065041;0,504065041;0,520325203;0,698352085;0,709273599
1;55;9;9;9;889874;1011072;6399000;0,163636364;0,163636364;0,163636364;0,158004688;0,139064541
1;82;3;3;3;500269;556980;9438463;0,036585366;0,036585366;0,036585366;0,059011727;0,053003227
1;82;4;4;4;472597;550640;12250919;0,048780488;0,048780488;0,048780488;0,044946832;0,038576453
1;51;16;16;7;1401952;1009295;8956334;0,31372549;0,31372549;0,137254902;0,112690639;0,156531902
1;57;3;3;3;469490;573720;7444048;0,052631579;0,052631579;0,052631579;0,07707097;0,06306918
1;87;23;22;33;2617002;4336390;13822808;0,264367816;0,252873563;0,379310345;0,31371267;0,189324919
1;94;56;56;56;9193946;9834300;14715669;0,595744681;0,595744681;0,595744681;0,66828766;0,624772547
1;59;25;25;25;3427939;3859814;6616669;0,423728814;0,423728814;0,423728814;0,583346998;0,51807624
1;56;8;8;8;868237;965019;8011368;0,142857143;0,142857143;0,142857143;0,120456207;0,108375623
1;80;15;15;15;1463090;1579588;14890161;0,1875;0,1875;0,1875;0,106082668;0,098258844
1;65;25;22;25;2462511;3310392;7061493;0,384615385;0,338461538;0,384615385;0,468794913;0,348723846
1;59;3;3;3;472792;594218;7225256;0,050847458;0,050847458;0,050847458;0,082241792;0,065436021
1;65;45;45;45;6026274;6185692;10695258;0,692307692;0,692307692;0,692307692;0,578358372;0,563452887
1;51;9;9;11;710138;1016515;6202762;0,176470588;0,176470588;0,215686275;0,163881026;0,114487385
1;59;25;25;25;2782001;2952587;9268977;0,423728814;0,423728814;0,423728814;0,318545078;0,300141105
1;65;31;31;31;3813109;4027695;12531321;0,476923077;0,476923077;0,476923077;0,321410249;0,304286276
1;80;29;25;33;1706480;2768927;9458879;0,3625;0,3125;0,4125;0,292733103;0,180410385
1;70;3;3;3;457790;731581;10977815;0,042857143;0,042857143;0,042857143;0,066641768;0,041701377
1;67;3;3;3;463753;590255;5773951;0,044776119;0,044776119;0,044776119;0,102227227;0,080318139
1;51;43;43;43;3945739;3727993;4710096;0,843137255;0,843137255;0,843137255;0,791489813;0,837719444
1;67;3;3;4;636689;755757;11419544;0,044776119;0,044776119;0,059701493;0,066181014;0,055754328
1;52;42;42;41;5663730;5715464;7341323;0,807692308;0,807692308;0,788461538;0,778533243;0,771486284
1;79;3;3;3;466403;561416;12592040;0,037974684;0,037974684;0,037974684;0,044584992;0,037039511
1;51;19;19;19;1143594;1222650;4242195;0,37254902;0,37254902;0,37254902;0,288211645;0,26957601
1;56;14;14;12;1259369;1409213;9941381;0,25;0,25;0,214285714;0,141752237;0,126679482
1;65;12;12;12;1154970;1247032;11196814;0,184615385;0,184615385;0,184615385;0,111373825;0,103151664
1;77;62;62;62;9260549;9734913;12128609;0,805194805;0,805194805;0,805194805;0,802640517;0,763529354
1;52;7;7;9;926013;1343264;8545305;0,134615385;0,134615385;0,173076923;0,157193219;0,10836512
1;61;15;15;15;1111967;1421892;9101273;0,245901639;0,245901639;0,245901639;0,156230013;0,122177084
1;79;6;6;6;684936;764842;10462690;0,075949367;0,075949367;0,075949367;0,07310185;0,065464618
1;64;50;50;50;7200978;7793762;10480694;0,78125;0,78125;0,78125;0,743630336;0,687070723
1;77;12;8;18;1321534;2642184;14004214;0,155844156;0,103896104;0,233766234;0,188670639;0,094366881
1;71;11;10;11;802749;1089231;10971851;0,154929577;0,14084507;0,154929577;0,099275045;0,07316441
1;65;9;9;10;1218487;1566131;11244603;0,138461538;0,138461538;0,153846154;0,139278461;0,10836194
1;65;41;41;41;5883196;6310251;9196854;0,630769231;0,630769231;0,630769231;0,686131475;0,639696575
1;60;15;15;15;2293823;2356294;12893852;0,25;0,25;0,25;0,182745544;0,177900522
1;81;15;15;27;1032601;3226110;14082154;0,185185185;0,185185185;0,333333333;0,229092083;0,073326921
1;98;92;92;92;6304724;6855191;7209364;0,93877551;0,93877551;0,93877551;0,950873198;0,874518751
1;54;11;11;15;1037062;1603267;7891116;0,203703704;0,203703704;0,277777778;0,20317367;0,131421462
1;57;24;24;34;3145114;4675532;9201794;0,421052632;0,421052632;0,596491228;0,508110918;0,341793568
1;61;60;60;60;11429705;11913044;12378741;0,983606557;0,983606557;0,983606557;0,962379292;0,923333399
1;83;21;21;22;1340499;1559273;9223040;0,253012048;0,253012048;0,265060241;0,169062804;0,145342425
1;68;63;63;63;8984839;9166511;9657461;0,926470588;0,926470588;0,926470588;0,949163657;0,930352087
1;52;3;3;3;582025;568697;5849891;0,057692308;0,057692308;0,057692308;0,097214974;0,099493307
0;26;6;6;6;664055;769832;3502718;0,230769231;0,230769231;0,230769231;0,219781324;0,189582775
0;46;6;6;6;707656;802059;6940733;0,130434783;0,130434783;0,130434783;0,115558256;0,101956955
0;61;9;8;18;772136;1713517;8902633;0,147540984;0,131147541;0,295081967;0,192473058;0,086731195
0;33;19;19;19;2568797;2743988;4656429;0,575757576;0,575757576;0,575757576;0,589290205;0,551666739
0;23;3;3;3;484902;580747;3123184;0,130434783;0,130434783;0,130434783;0,185947098;0,155258864
0;29;13;13;13;826607;929895;2773759;0,448275862;0,448275862;0,448275862;0,335247222;0,298009668
0;15;3;3;3;466990;560524;1675901;0,2;0,2;0,2;0,334461284;0,278650111
0;9;3;3;3;464434;698901;1367534;0,333333333;0,333333333;0,333333333;0,511066635;0,339614225
0;52;10;10;10;746567;887680;4507010;0,192307692;0,192307692;0,192307692;0,196955409;0,165645739
0;52;6;6;6;558550;647610;7642878;0,115384615;0,115384615;0,115384615;0,084733787;0,073081109
0;40;3;3;3;511972;571675;3251832;0,075;0,075;0,075;0,175800902;0,157441098
0;49;16;16;17;2053932;2460684;7147299;0,326530612;0,326530612;0,346938776;0,344281665;0,287371775
0;7;3;3;3;487221;570965;1315404;0,428571429;0,428571429;0,428571429;0,434060562;0,370396471
0;21;13;13;13;1243166;1373457;3187060;0,619047619;0,619047619;0,619047619;0,430947958;0,390066707
0;15;5;5;5;865131;801283;2027270;0,333333333;0,333333333;0,333333333;0,395252236;0,426746807
0;26;5;5;16;1022352;2008072;3053294;0,192307692;0,192307692;0,615384615;0,657673974;0,334835754
0;15;3;3;3;510369;567041;2299633;0,2;0,2;0,2;0,246578911;0,221934978
0;26;3;3;3;463837;545111;3841961;0,115384615;0,115384615;0,115384615;0,141883533;0,120729232
0;51;4;4;5;521861;801968;8239843;0,078431373;0,078431373;0,098039216;0,097328068;0,063333852
0;64;12;12;12;1221485;1312749;8794440;0,1875;0,1875;0,1875;0,149270334;0,138892869
0;24;18;18;18;2660492;2854573;3768450;0,75;0,75;0,75;0,757492603;0,705991057
0;37;14;14;14;1740534;1869481;5085300;0,378378378;0,378378378;0,378378378;0,367624526;0,342267713
0;90;54;54;54;5978183;6296226;12852383;0,6;0,6;0,6;0,489887829;0,46514199
0;25;6;6;6;761325;802657;2182831;0,24;0,24;0,24;0,367713763;0,348778719
0;73;25;25;25;3028194;3253293;9444415;0,342465753;0,342465753;0,342465753;0,344467392;0,320633306
20;10;5;5;5;940636;788207;1203212;0,5;0,5;0,5;0,655085721;0,781770794
20;15;10;7;9;904145;1196278;1889845;0,666666667;0,466666667;0,6;0,633003236;0,478422834
20;15;5;5;8;693830;994133;2022125;0,333333333;0,333333333;0,533333333;0,491627867;0,343119243
20;15;11;11;11;1679475;1865197;2586433;0,733333333;0,733333333;0,733333333;0,721146459;0,64934023
20;15;8;5;8;819915;1569012;2184290;0,533333333;0,333333333;0,533333333;0,718316707;0,375369113
20;10;5;5;7;746148;1011803;1213831;0,5;0,5;0,7;0,833561674;0,614705012
20;34;31;20;31;2813268;4474669;4730191;0,911764706;0,588235294;0,911764706;0,945980617;0,594747231
20;15;9;9;9;766632;879344;1017112;0,6;0,6;0,6;0,864549823;0,753734102
20;20;11;11;11;1672375;1738044;3137750;0,55;0,55;0,55;0,55391411;0,532985419
20;15;11;8;11;834755;1668294;1867749;0,733333333;0,533333333;0,733333333;0,893211026;0,446931038
20;30;11;11;17;1194261;2379098;4634220;0,366666667;0,366666667;0,566666667;0,513376145;0,257704856
20;20;16;16;18;2028106;2525934;2593511;0,8;0,8;0,9;0,973943816;0,781992442
20;10;7;5;7;826079;1179112;1270151;0,7;0,5;0,7;0,92832427;0,650378577
20;15;3;3;4;696193;743071;2336996;0,2;0,2;0,266666667;0,317959894;0,297900809
20;20;11;11;11;952608;1081279;2934817;0,55;0,55;0,55;0,36843149;0,324588552
20;15;8;5;10;629870;1985892;2391997;0,533333333;0,333333333;0,666666667;0,830223449;0,263323909
20;25;4;3;5;474909;945686;3590240;0,16;0,12;0,2;0,263404675;0,132277786
20;25;10;10;15;1519021;2034981;3423302;0,4;0,4;0,6;0,594449745;0,443729767
20;25;10;10;13;1457837;1955872;3138513;0,4;0,4;0,52;0,623184291;0,464499271
20;10;3;3;3;476337;569954;1367098;0,3;0,3;0,3;0,416907932;0,348429301
20;15;6;6;6;1011260;1151766;1994815;0,4;0,4;0,4;0,577379857;0,506944253
20;20;13;15;19;1608112;2278851;2283240;0,65;0,75;0,95;0,998077732;0,704311417
20;10;3;3;4;471720;868763;1653013;0,3;0,3;0,4;0,52556332;0,285369807
20;20;13;6;13;834826;2052609;3468610;0,65;0,3;0,65;0,591767019;0,240680273
