 size; sign size; sign time (ns) ; parity size; parity time ; concrete size; concrete time ;analysis time;concrete analysis time;abstract analysis time;sign diff;parity diff;concrete diff;concrete time diff;abstract time diff
47;3;300;3;600;16;1500;12280480;2244235;542485;0,063829787;0,063829787;0,340425532;0,18274815;0,044174576
58;19;100;19;100;28;200;12755419;4263018;2479982;0,327586207;0,327586207;0,482758621;0,334212306;0,194425757
44;35;100;35;200;39;100;11929155;6378781;5985665;0,795454545;0,795454545;0,886363636;0,534721948;0,501767728
64;3;200;3;300;3;400;11205733;503757;502632;0,046875;0,046875;0,046875;0,044955292;0,044854897
142;67;200;67;500;71;400;35839351;11130658;10381679;0,471830986;0,471830986;0,5;0,310570858;0,289672628
61;27;600;27;100;28;200;19880040;5450526;5128697;0,442622951;0,442622951;0,459016393;0,274170776;0,257982227
62;13;600;13;1200;15;300;14433101;1887566;1360038;0,209677419;0,209677419;0,241935484;0,13078035;0,094230478
49;34;1300;34;300;34;200;10892627;4924267;5019828;0,693877551;0,693877551;0,693877551;0,452073407;0,460846406
71;62;200;62;400;70;500;22214858;14373391;13087346;0,873239437;0,873239437;0,985915493;0,64701701;0,5891258
78;68;200;68;200;70;400;14689933;8281811;8784601;0,871794872;0,871794872;0,897435897;0,563774593;0,598001434
66;52;400;52;100;55;100;18976716;10751873;10276274;0,787878788;0,787878788;0,833333333;0,566582384;0,541520145
80;39;600;41;100;52;300;21161983;7886267;6316074;0,4875;0,5125;0,65;0,372662004;0,298463239
76;4;100;4;200;11;300;11658702;1299402;540203;0,052631579;0,052631579;0,144736842;0,111453402;0,046334746
100;62;300;62;300;81;200;23395556;12400005;9565463;0,62;0,62;0,81;0,530015401;0,408858118
40;6;200;6;100;9;500;10013295;1035307;708596;0,15;0,15;0,225;0,103393239;0,070765517
73;35;200;35;100;62;500;14619872;7485148;3059321;0,479452055;0,479452055;0,849315068;0,51198451;0,209257714
108;34;300;34;200;76;300;12192104;3867968;1881262;0,314814815;0,314814815;0,703703704;0,317251887;0,154301669
48;9;300;9;200;25;100;5975443;2462438;1056753;0,1875;0,1875;0,520833333;0,412092961;0,176849315
85;59;400;59;200;57;300;23782223;8165995;8883112;0,694117647;0,694117647;0,670588235;0,343365505;0,373518994
78;45;400;45;100;45;300;20207445;7811969;8174504;0,576923077;0,576923077;0,576923077;0,386588656;0,404529321
89;68;300;68;400;72;400;18691520;13160530;12681141;0,764044944;0,764044944;0,808988764;0,704090946;0,67844354
77;24;200;22;300;26;200;8334047;1626904;1302568;0,311688312;0,285714286;0,337662338;0,195211762;0,156294775
56;23;200;21;200;30;100;7366317;3910012;2998827;0,410714286;0,375;0,535714286;0,530796055;0,407099912
65;31;200;31;400;38;100;12008089;5878465;4973240;0,476923077;0,476923077;0,584615385;0,489542091;0,41415749
73;42;200;47;100;49;400;14438922;7805769;8022407;0,575342466;0,643835616;0,671232877;0,540606078;0,55560983
73;59;300;59;200;61;200;13795510;9445070;9237497;0,808219178;0,808219178;0,835616438;0,684648121;0,669601704
84;39;100;39;100;40;300;16058048;5238374;5218020;0,464285714;0,464285714;0,476190476;0,326214867;0,324947341
74;11;300;11;200;13;100;9675445;1800826;1068136;0,148648649;0,148648649;0,175675676;0,186123326;0,110396576
100;67;200;67;200;79;100;19196451;13408280;11587622;0,67;0,67;0,79;0,698477026;0,603633557
87;48;200;43;100;58;200;17838441;10286730;7863029;0,551724138;0,494252874;0,666666667;0,576660819;0,440791266
97;39;300;39;200;35;400;19102896;4542331;5477730;0,402061856;0,402061856;0,360824742;0,237782324;0,286748669
58;21;500;21;100;22;500;9149362;3015841;3008977;0,362068966;0,362068966;0,379310345;0,329623093;0,328872877
110;43;200;43;400;44;300;10653948;6261289;6366837;0,390909091;0,390909091;0,4;0,587696598;0,597603536
58;16;100;16;200;18;100;9006431;3152579;2963608;0,275862069;0,275862069;0,310344828;0,350036435;0,32905465
49;34;200;34;500;35;300;9435912;4426740;3881312;0,693877551;0,693877551;0,714285714;0,469137482;0,411334061
129;103;200;103;200;107;100;6934080;4081146;3882725;0,798449612;0,798449612;0,829457364;0,588563443;0,559948111
28;6;100;13;300;20;100;4743380;2990753;2126161;0,214285714;0,464285714;0,714285714;0,630510944;0,448237544
40;27;200;27;100;37;200;7416623;5661250;4065026;0,675;0,675;0,925;0,763319101;0,54809662
62;18;100;18;100;44;100;10495756;6642259;2661572;0,290322581;0,290322581;0,709677419;0,632851888;0,253585544
77;16;600;16;200;19;200;11961587;1639817;1295391;0,207792208;0,207792208;0,246753247;0,137090254;0,108295914
94;64;300;69;300;69;300;9119247;5059612;4846761;0,680851064;0,734042553;0,734042553;0,554827827;0,531486975
57;38;200;38;200;38;200;10575605;5738384;5786256;0,666666667;0,666666667;0,666666667;0,542605742;0,547132386
53;39;800;39;100;41;300;10937258;6909875;6088122;0,735849057;0,735849057;0,773584906;0,631773978;0,556640613
44;31;300;31;200;31;200;8006767;4636877;4795647;0,704545455;0,704545455;0,704545455;0,579119762;0,598949239
76;55;300;55;200;56;100;15519066;9729722;9355906;0,723684211;0,723684211;0,736842105;0,626952808;0,602865276
104;57;500;57;400;57;300;19291450;9440487;9547571;0,548076923;0,548076923;0,548076923;0,489361194;0,494912047
57;5;100;5;1100;5;600;10722335;702418;704868;0,087719298;0,087719298;0,087719298;0,065509798;0,065738293
82;51;200;51;400;65;300;18722353;11766712;8010759;0,62195122;0,62195122;0,792682927;0,628484678;0,427871379
85;77;100;72;200;77;300;14251667;12233665;11572597;0,905882353;0,847058824;0,905882353;0,858402389;0,812017078
41;22;200;22;200;23;200;7856727;3765691;3483248;0,536585366;0,536585366;0,56097561;0,479295131;0,443345938
53;46;400;46;500;47;400;9546872;7440499;7461328;0,867924528;0,867924528;0,886792453;0,779365116;0,781546877
69;29;200;29;100;33;200;14220043;5935407;4779763;0,420289855;0,420289855;0,47826087;0,417397261;0,33612859
78;41;200;41;200;64;200;11093932;7134967;6190573;0,525641026;0,525641026;0,820512821;0,643141404;0,558014327
94;18;100;18;800;55;200;15374913;6937172;2829734;0,191489362;0,191489362;0,585106383;0,451200732;0,184048781
80;73;900;73;100;78;200;13126679;12270714;11117266;0,9125;0,9125;0,975;0,934791961;0,846921449
64;10;100;10;200;15;100;10546513;2463771;1319339;0,15625;0,15625;0,234375;0,233610009;0,125097177
72;39;100;39;100;41;300;13715644;6217047;5989556;0,541666667;0,541666667;0,569444444;0,45328145;0,436695207
39;3;300;3;100;18;300;7090031;2115420;690436;0,076923077;0,076923077;0,461538462;0,298365409;0,097381239
88;40;200;51;200;65;200;17514970;10950340;8257406;0,454545455;0,579545455;0,738636364;0,625198901;0,471448481
67;28;300;28;200;49;600;14435217;7404897;4438637;0,417910448;0,417910448;0,731343284;0,512974415;0,307486683
57;35;300;35;500;48;300;10865635;8224219;5222882;0,614035088;0,614035088;0,842105263;0,756901829;0,480678948
69;54;200;61;400;68;200;11560301;10665568;9250404;0,782608696;0,884057971;0,985507246;0,922602967;0,800187123
78;53;300;53;500;57;200;16066042;10646049;9949715;0,679487179;0,679487179;0,730769231;0,662642921;0,619300945
84;42;400;42;200;57;200;14068307;7443617;5390458;0,5;0,5;0,678571429;0,529105386;0,383163234
74;24;200;24;300;24;100;10447202;3308968;3429390;0,324324324;0,324324324;0,324324324;0,316732461;0,328259184
76;52;200;52;300;54;200;13270235;8247225;8147295;0,684210526;0,684210526;0,710526316;0,621482965;0,613952579
35;20;200;20;300;25;100;6100790;3486108;3201921;0,571428571;0,571428571;0,714285714;0,571419111;0,524837111
63;6;200;6;300;12;100;12172431;2075346;991202;0,095238095;0,095238095;0,19047619;0,170495606;0,081430078
101;51;400;51;200;64;400;18106609;8701620;7570769;0,504950495;0,504950495;0,633663366;0,480577009;0,418121858
147;80;400;80;200;109;200;28749069;19300984;14329918;0,544217687;0,544217687;0,741496599;0,671360314;0,498448071
38;30;400;30;200;36;200;6092837;5596903;4374735;0,789473684;0,789473684;0,947368421;0,918603764;0,718012807
98;83;200;72;200;85;400;15482215;13111642;10937630;0,846938776;0,734693878;0,867346939;0,846884118;0,706464159
75;17;200;17;300;23;200;14222226;3156105;2104914;0,226666667;0,226666667;0,306666667;0,221913574;0,148001726
104;75;300;75;200;75;200;20057213;14597700;13195463;0,721153846;0,721153846;0,721153846;0,72780301;0,657891154
124;80;300;80;200;92;300;23703799;16661392;13668342;0,64516129;0,64516129;0,741935484;0,702899649;0,57663086
118;91;100;91;300;100;300;23651139;16408474;16282690;0,771186441;0,771186441;0,847457627;0,693770985;0,688452679
63;20;300;20;200;25;200;13360427;3635358;2918965;0,317460317;0,317460317;0,396825397;0,272098938;0,218478421
42;17;300;17;200;18;200;6884395;2717027;2502423;0,404761905;0,404761905;0,428571429;0,3946646;0,363492072
57;39;200;39;200;55;600;8798888;7988106;5279459;0,684210526;0,684210526;0,964912281;0,907854038;0,600014343
56;40;200;24;100;46;300;10151269;8392206;3658446;0,714285714;0,428571429;0,821428571;0,826714965;0,360392972
111;51;300;51;100;63;400;12126588;5425192;3033113;0,459459459;0,459459459;0,567567568;0,447379923;0,250120891
73;44;700;44;400;43;400;13244209;6448586;6909292;0,602739726;0,602739726;0,589041096;0,486898538;0,521684005
93;17;200;17;200;23;100;13895419;3179727;2393613;0,182795699;0,182795699;0,247311828;0,228832754;0,172259145
114;95;100;100;200;100;200;24780681;19382776;19900063;0,833333333;0,877192982;0,877192982;0,782172855;0,803047463
55;38;300;38;100;41;100;12223454;7104064;6891966;0,690909091;0,690909091;0,745454545;0,581183027;0,563831303
55;36;300;33;200;43;200;11778515;6878346;5241240;0,654545455;0,6;0,781818182;0,583973956;0,44498309
37;14;200;14;400;19;100;6870591;3351609;2507224;0,378378378;0,378378378;0,513513514;0,487819607;0,364921155
95;40;100;40;100;40;300;12006231;6181567;6347639;0,421052632;0,421052632;0,421052632;0,514863241;0,528695392
90;66;100;66;200;66;200;19548043;13579462;13724979;0,733333333;0,733333333;0,733333333;0,694671175;0,702115245
76;28;100;28;200;35;400;14465853;5185859;4265719;0,368421053;0,368421053;0,460526316;0,358489679;0,294881954
79;36;200;36;300;49;300;14844473;7974484;6034536;0,455696203;0,455696203;0,620253165;0,53720223;0,406517362
64;4;300;4;600;21;200;10421785;2833482;685066;0,0625;0,0625;0,328125;0,271880681;0,065734037
106;10;500;10;200;50;700;18743308;6881463;889455;0,094339623;0,094339623;0,471698113;0,367142396;0,047454537
134;102;200;102;300;109;800;26627829;19235279;17302166;0,76119403;0,76119403;0,813432836;0,722375039;0,649777569
88;65;200;65;300;64;200;14421409;8489634;9315917;0,738636364;0,738636364;0,727272727;0,588682701;0,645978281
87;36;200;36;300;37;500;7799311;5606548;4929722;0,413793103;0,413793103;0,425287356;0,718851704;0,632071474
51;42;200;42;200;42;400;5857156;5807528;5116059;0,823529412;0,823529412;0,823529412;0,991526946;0,873471528
85;18;100;18;600;18;300;14647524;3294720;2972025;0,211764706;0,211764706;0,211764706;0,224933579;0,202902893
26;13;200;21;300;25;100;5941981;3909060;3057418;0,5;0,807692308;0,961538462;0,657871508;0,514545233
51;22;200;22;200;41;400;12991962;6148164;3457662;0,431372549;0,431372549;0,803921569;0,473228293;0,266138556
82;56;200;56;400;73;100;16544561;11539633;8604394;0,682926829;0,682926829;0,890243902;0,697488014;0,520073878
49;39;200;39;200;44;300;9412905;7834894;7074976;0,795918367;0,795918367;0,897959184;0,832356642;0,751625136
71;13;300;13;200;12;100;14236676;1506516;1700321;0,183098592;0,183098592;0,169014085;0,105819364;0,119432443
55;12;100;12;100;12;200;10002484;2048328;2099825;0,218181818;0,218181818;0,218181818;0,204781932;0,209930353
71;55;800;34;100;57;400;8773174;6148478;5076604;0,774647887;0,478873239;0,802816901;0,700827089;0,578650782
88;38;300;38;200;45;200;15109649;6451532;5081930;0,431818182;0,431818182;0,511363636;0,426980931;0,336336734
96;14;200;14;100;23;400;12296144;3630780;1684316;0,145833333;0,145833333;0,239583333;0,295277934;0,136979203
65;41;200;41;300;46;100;15218049;7062172;5956304;0,630769231;0,630769231;0,707692308;0,464065532;0,391397347
114;79;300;79;900;95;100;23559809;16427898;13583578;0,692982456;0,692982456;0,833333333;0,697284855;0,576557221
71;52;200;52;100;52;300;15041750;8877926;9020862;0,732394366;0,732394366;0,732394366;0,590218957;0,599721575
92;36;200;36;200;36;200;17051007;5031628;5149443;0,391304348;0,391304348;0,391304348;0,295092718;0,302002281
92;87;200;87;500;86;100;21926713;16792627;17300962;0,945652174;0,945652174;0,934782609;0,765852456;0,789035821
116;52;200;52;200;56;300;24906643;9012800;8442048;0,448275862;0,448275862;0,482758621;0,361863299;0,338947645
83;38;300;38;100;49;200;18342677;7433122;5851206;0,457831325;0,457831325;0,590361446;0,405236488;0,318994114
97;52;200;52;300;52;100;24485353;10931077;11458069;0,536082474;0,536082474;0,536082474;0,446433302;0,467956047
68;52;200;52;300;52;200;10589655;8231521;8187880;0,764705882;0,764705882;0,764705882;0,777317202;0,773196105
67;25;300;25;200;35;400;9396210;5479021;4042849;0,373134328;0,373134328;0,52238806;0,583109679;0,430263798
71;12;300;12;100;13;200;7734688;1170998;1254483;0,169014085;0,169014085;0,183098592;0,151395635;0,162189218
91;48;200;48;200;50;100;22711958;10170879;9837638;0,527472527;0,527472527;0,549450549;0,447820439;0,433147948
117;70;300;70;100;88;200;20141531;13686819;10661668;0,598290598;0,598290598;0,752136752;0,679532206;0,529337517
103;80;300;78;100;87;400;21150586;15385738;12569525;0,776699029;0,757281553;0,844660194;0,727437906;0,594287317
111;11;400;11;500;44;200;24653736;8888520;2311276;0,099099099;0,099099099;0,396396396;0,360534403;0,093749523
55;26;300;26;300;34;200;11270494;5385636;4310722;0,472727273;0,472727273;0,618181818;0,477852701;0,382478532
68;41;200;41;900;56;200;15038595;9781919;6394360;0,602941176;0,602941176;0,823529412;0,650454314;0,425196636
124;60;200;60;100;61;500;17145502;8288335;8122340;0,483870968;0,483870968;0,491935484;0,483411626;0,473730078
88;64;100;44;200;78;200;16945833;13100354;7810095;0,727272727;0,5;0,886363636;0,773072295;0,460885871
87;52;100;52;100;52;200;18035842;7917970;8091546;0,597701149;0,597701149;0,597701149;0,43901305;0,448636997
72;45;100;25;100;56;200;14181666;8823194;3637639;0,625;0,347222222;0,777777778;0,622154971;0,256502938
136;86;200;86;200;88;200;11559197;4521732;4002861;0,632352941;0,632352941;0,647058824;0,39118046;0,346292307
53;21;200;21;300;21;200;8605941;3743646;3468446;0,396226415;0,396226415;0,396226415;0,435007165;0,403029256
63;25;100;25;400;27;300;6258042;1791011;1293237;0,396825397;0,396825397;0,428571429;0,286193509;0,206652017
65;33;200;33;200;33;300;13024249;4886493;4812568;0,507692308;0,507692308;0,507692308;0,375184243;0,369508292
50;29;100;29;200;43;200;7278682;5690200;3099326;0,58;0,58;0,86;0,781762412;0,425808683
143;85;100;85;400;109;700;36021482;24070086;19141820;0,594405594;0,594405594;0,762237762;0,668214761;0,531400124
75;57;200;57;200;58;300;13257329;8242563;8471580;0,76;0,76;0,773333333;0,621736324;0,639011071
117;38;100;38;300;46;200;22596083;7476128;6604562;0,324786325;0,324786325;0,393162393;0,330859468;0,292287916
36;13;300;13;300;15;600;7251876;2414444;2341063;0,361111111;0,361111111;0,416666667;0,332940607;0,322821708
98;71;300;71;300;88;300;19339991;14193689;10391322;0,724489796;0,724489796;0,897959184;0,733903599;0,537297148
99;57;400;57;500;72;300;19051740;10442693;8029563;0,575757576;0,575757576;0,727272727;0,548122796;0,421460874
101;19;200;30;200;41;200;15126601;2572897;2101349;0,188118812;0,297029703;0,405940594;0,170090888;0,138917461
79;57;400;57;200;54;200;16248720;8507746;9817626;0,721518987;0,721518987;0,683544304;0,523594843;0,604209193
108;84;400;84;200;94;300;21036444;16472601;13617155;0,777777778;0,777777778;0,87037037;0,783050643;0,647312588
61;16;200;16;300;27;200;9872107;4978735;2716312;0,262295082;0,262295082;0,442622951;0,504323444;0,275150178
51;24;100;24;700;24;300;7912279;5771964;3525265;0,470588235;0,470588235;0,470588235;0,729494498;0,445543566
66;22;200;22;100;24;200;15469372;4356893;3461506;0,333333333;0,333333333;0,363636364;0,281646404;0,223765128
108;58;100;58;200;58;400;25944748;9446065;9111348;0,537037037;0,537037037;0,537037037;0,364083899;0,351182752
63;12;300;12;200;16;300;9641557;2284058;1047938;0,19047619;0,19047619;0,253968254;0,236897215;0,108689706
96;68;300;39;100;80;400;20445023;12842424;5875325;0,708333333;0,40625;0,833333333;0,628144268;0,287371895
96;15;400;15;200;42;100;19177993;6739066;2082133;0,15625;0,15625;0,4375;0,35139579;0,108568868
71;39;100;39;200;56;200;13739537;10199932;7047303;0,549295775;0,549295775;0,788732394;0,742378146;0,512921433
74;58;200;58;100;59;100;14604954;10334711;9876760;0,783783784;0,783783784;0,797297297;0,707616813;0,676260945
124;86;200;86;300;86;500;18818158;11844539;11747166;0,693548387;0,693548387;0,693548387;0,629420744;0,624246326
107;3;100;3;100;5;400;15423386;723138;628350;0,028037383;0,028037383;0,046728972;0,046885814;0,040740081
72;22;200;22;200;24;500;14728567;2916010;2726784;0,305555556;0,305555556;0,333333333;0,19798328;0,18513573
80;44;300;44;200;50;100;15435130;10633844;9621675;0,55;0,55;0,625;0,688937767;0,623362097
121;111;200;111;500;121;300;25969975;24311006;21980455;0,917355372;0,917355372;1;0,936119731;0,846379521
84;59;100;59;300;63;200;17574496;11899915;11113850;0,702380952;0,702380952;0,75;0,677112732;0,632385134
47;15;100;15;200;28;200;7501678;4642991;2557788;0,319148936;0,319148936;0,595744681;0,618926992;0,340962115
86;50;700;50;200;63;300;14754379;10128197;8536293;0,581395349;0,581395349;0,73255814;0,686453628;0,578559965
55;29;100;29;400;39;200;8742407;6120032;4453965;0,527272727;0,527272727;0,709090909;0,700039703;0,509466672
54;21;200;21;200;33;200;7980621;4599763;3529782;0,388888889;0,388888889;0,611111111;0,576366551;0,442294152
101;42;200;42;200;46;200;15565202;4528143;4495095;0,415841584;0,415841584;0,455445545;0,290914503;0,288791305
54;38;200;38;300;39;700;9389863;6489272;6275794;0,703703704;0,703703704;0,722222222;0,691093363;0,66835842
101;16;600;16;200;63;400;16079109;5883067;2631150;0,158415842;0,158415842;0,623762376;0,365882649;0,163637799
140;70;200;70;200;70;500;25434078;12177434;12072614;0,5;0,5;0,5;0,478784173;0,474662931
69;28;200;28;100;39;200;12192496;5504249;3401134;0,405797101;0,405797101;0,565217391;0,451445627;0,278953054
46;23;200;28;700;32;200;7362300;4765399;4100433;0,5;0,608695652;0,695652174;0,647270418;0,556950002
59;35;400;33;100;40;200;13816486;9669341;7927416;0,593220339;0,559322034;0,677966102;0,699840828;0,573764994
74;51;100;48;200;57;400;14735672;9936280;8303676;0,689189189;0,648648649;0,77027027;0,674301111;0,563508471
96;57;400;57;200;67;400;14308108;7475736;5894398;0,59375;0,59375;0,697916667;0,522482497;0,411962085
95;6;900;6;300;43;200;19653452;7191125;715444;0,063157895;0,063157895;0,452631579;0,365896281;0,036402969
51;36;300;36;300;39;200;10184431;6842536;6083350;0,705882353;0,705882353;0,764705882;0,671862375;0,597318593
50;3;200;3;200;5;100;8407029;876763;498787;0,06;0,06;0,1;0,10428928;0,059329758
93;62;300;62;400;63;200;17424478;11372387;10936995;0,666666667;0,666666667;0,677419355;0,652667299;0,627679922
50;17;200;19;100;21;300;7147460;3352136;3043811;0,34;0,38;0,42;0,468996818;0,425859116
62;18;200;23;300;57;400;10456086;8443789;4275946;0,290322581;0,370967742;0,919354839;0,807547776;0,40894327
73;52;100;52;100;58;100;12151152;6968387;7155457;0,712328767;0,712328767;0,794520548;0,57347542;0,588870668
31;9;100;9;200;27;300;4641161;3927217;1327182;0,290322581;0,290322581;0,870967742;0,846171249;0,285959052
61;32;400;32;200;37;200;11144939;6606392;5352659;0,524590164;0,524590164;0,606557377;0,592770584;0,480277102
50;44;200;36;300;43;200;8074490;6456048;5322859;0,88;0,72;0,86;0,799561087;0,65921922
55;19;300;19;100;24;200;10466894;3488846;1927233;0,345454545;0,345454545;0,436363636;0,333321996;0,184126542
61;35;100;35;400;38;300;9425623;5531910;5230257;0,573770492;0,573770492;0,62295082;0,586901258;0,554897751
70;57;300;57;300;62;300;13995451;9846838;9084728;0,814285714;0,814285714;0,885714286;0,703574183;0,649120061
96;46;300;46;200;70;100;19744930;11711359;7044021;0,479166667;0,479166667;0,729166667;0,593132465;0,356750872
70;53;300;53;100;52;100;12856798;8781277;8956319;0,757142857;0,757142857;0,742857143;0,683006531;0,696621274
123;66;200;66;400;66;500;21466275;11164721;11477534;0,536585366;0,536585366;0,536585366;0,520105188;0,534677488
50;14;300;14;200;16;200;9013727;2155450;2023640;0,28;0,28;0,32;0,239129718;0,224506467
95;58;300;58;200;76;200;15607544;12288211;9601077;0,610526316;0,610526316;0,8;0,787325091;0,615156171
31;17;100;19;100;20;300;5221660;2842321;2985504;0,548387097;0,612903226;0,64516129;0,544332837;0,57175381
77;60;300;60;100;63;200;13726956;10383956;9479997;0,779220779;0,779220779;0,818181818;0,75646458;0,690611742
95;31;200;31;200;38;100;10019842;5682572;4585332;0,326315789;0,326315789;0,4;0,567131897;0,45762518
69;16;200;16;400;25;500;12855777;4125429;3009167;0,231884058;0,231884058;0,362318841;0,32090079;0,234071188
76;33;300;33;300;48;100;12023804;6638967;4397324;0,434210526;0,434210526;0,631578947;0,552151965;0,365718204
95;37;300;37;300;38;100;27746735;7979192;7730070;0,389473684;0,389473684;0,4;0,287572286;0,27859386
104;63;200;63;300;69;300;19636457;11973348;10947201;0,605769231;0,605769231;0,663461538;0,609750934;0,557493697
123;9;300;9;100;21;200;17926759;1902920;838647;0,073170732;0,073170732;0,170731707;0,106149695;0,046781853
137;113;400;113;100;118;700;16812380;11463460;9618910;0,824817518;0,824817518;0,861313869;0,681846354;0,572132559
42;35;200;35;300;35;300;4189772;3240105;3326035;0,833333333;0,833333333;0,833333333;0,773336831;0,7938463
92;31;100;20;100;74;200;13122680;8109597;1362771;0,336956522;0,217391304;0,804347826;0,617983293;0,103848528
57;39;200;39;200;39;400;6967153;4207852;4137789;0,684210526;0,684210526;0,684210526;0,603955733;0,593899545
105;33;100;33;200;34;200;11394973;2094753;2162695;0,314285714;0,314285714;0,323809524;0,183831326;0,18979378
84;38;500;38;200;44;100;12587564;5544677;4871865;0,452380952;0,452380952;0,523809524;0,440488485;0,387037953
41;17;100;15;100;19;300;7208047;2788601;2472542;0,414634146;0,365853659;0,463414634;0,38687331;0,343025233
106;60;100;60;300;85;100;20675149;14318466;9503967;0,566037736;0,566037736;0,801886792;0,692544755;0,459680702
54;37;300;32;200;37;100;8199081;5122458;4743279;0,685185185;0,592592593;0,685185185;0,624760019;0,578513494
100;51;200;51;200;58;200;11677774;3467394;3626684;0,51;0,51;0,58;0,296922513;0,310562955
117;90;300;90;200;91;200;24882318;17998721;19447226;0,769230769;0,769230769;0,777777778;0,723353869;0,7815681
42;28;200;28;300;29;300;7237311;4596616;4488552;0,666666667;0,666666667;0,69047619;0,635127605;0,620196092
47;18;300;18;500;18;200;7553248;2898418;3066720;0,382978723;0,382978723;0,382978723;0,383731343;0,406013413
83;77;300;69;200;77;500;16962502;13600013;12309266;0,927710843;0,831325301;0,927710843;0,801769279;0,725675139
27;25;200;27;400;27;100;4173385;3877831;3848479;0,925925926;1;1;0,929181228;0,922148088
81;19;100;22;200;64;200;14958531;10759739;3609688;0,234567901;0,271604938;0,790123457;0,719304523;0,241313001
92;61;300;61;100;61;100;19446532;11206774;11334912;0,663043478;0,663043478;0,663043478;0,576286507;0,582875754
25;10;300;10;100;11;200;5935031;2023418;1872433;0,4;0,4;0,44;0,340927958;0,315488327
63;19;400;19;100;20;500;12140740;3574444;3470330;0,301587302;0,301587302;0,317460317;0,294417309;0,28584172
39;17;300;17;100;21;400;7209217;3698034;3811840;0,435897436;0,435897436;0,538461538;0,512959174;0,528745355
88;74;200;74;300;78;100;14870029;13188317;12527320;0,840909091;0,840909091;0,886363636;0,886905937;0,842454309
63;29;100;29;300;34;300;9444929;3527783;2995099;0,46031746;0,46031746;0,53968254;0,373510801;0,31711186
60;24;100;24;500;29;500;10534041;4309737;3445095;0,4;0,4;0,483333333;0,40912476;0,327044009
69;24;500;24;100;34;100;12427254;5049151;3131813;0,347826087;0,347826087;0,492753623;0,406296596;0,252011667
86;57;700;57;300;57;200;11505003;8887277;8140978;0,662790698;0,662790698;0,662790698;0,772470637;0,707603292
61;3;200;3;200;29;300;10799770;3704465;502449;0,049180328;0,049180328;0,475409836;0,343013323;0,046524046
87;39;100;31;200;39;300;15405348;4539647;3389776;0,448275862;0,356321839;0,448275862;0,294679938;0,220038911
41;25;200;25;300;27;100;8999167;4730342;4016825;0,609756098;0,609756098;0,658536585;0,525642207;0,446355202
115;78;200;76;200;96;700;20723857;15296746;14520869;0,67826087;0,660869565;0,834782609;0,738122542;0,70068371
101;39;200;39;300;40;100;19450239;5544967;5473646;0,386138614;0,386138614;0,396039604;0,285084775;0,28141793
69;28;200;28;300;33;100;10158625;3690756;3080977;0,405797101;0,405797101;0,47826087;0,363312555;0,303286813
53;28;200;28;800;27;200;7664395;3257455;3624594;0,528301887;0,528301887;0,509433962;0,425011367;0,472913257
39;37;100;37;100;37;200;6388440;5560633;5836456;0,948717949;0,948717949;0,948717949;0,870421104;0,913596434
117;80;200;78;300;81;400;22638822;13921786;13199768;0,683760684;0,666666667;0,692307692;0,614951873;0,58305896
89;29;200;29;100;77;300;16660218;13415278;3090656;0,325842697;0,325842697;0,865168539;0,805228239;0,185511138
133;76;100;78;200;80;400;24754046;13218460;12204073;0,571428571;0,586466165;0,601503759;0,533991898;0,493013263
103;65;200;65;200;67;200;22258679;12624179;12479845;0,631067961;0,631067961;0,650485437;0,567157602;0,56067321
85;57;300;46;200;59;300;10674651;5750912;4046539;0,670588235;0,541176471;0,694117647;0,538744733;0,379079279
54;29;200;29;500;30;200;4999762;1655459;1662199;0,537037037;0,537037037;0,555555556;0,331107561;0,332455625
85;62;200;67;300;79;300;12367088;10904493;8131645;0,729411765;0,788235294;0,929411765;0,881734892;0,657523016
80;54;200;54;300;54;100;14288181;8344970;8963314;0,675;0,675;0,675;0,584047053;0,62732366
36;25;200;27;100;27;400;6289370;4237772;4278940;0,694444444;0,75;0,75;0,673799125;0,680344772
138;96;500;96;100;104;200;25598971;17035860;15414907;0,695652174;0,695652174;0,753623188;0,665490031;0,602169009
76;46;200;46;300;47;200;14122811;7985231;8193462;0,605263158;0,605263158;0,618421053;0,565413713;0,580158015
68;40;200;40;200;39;100;12244006;5813862;6061585;0,588235294;0,588235294;0,573529412;0,474833318;0,495065504
66;48;200;48;200;59;100;11550310;9551271;7034495;0,727272727;0,727272727;0,893939394;0,826927676;0,60903084
67;14;300;14;100;37;500;11038047;4085548;1972367;0,208955224;0,208955224;0,552238806;0,370133231;0,178688041
55;38;100;38;100;46;800;7460564;6807593;5604622;0,690909091;0,690909091;0,836363636;0,912476992;0,751233017
85;57;200;57;100;65;300;14602704;10732730;9316655;0,670588235;0,670588235;0,764705882;0,73498237;0,638008892
88;28;400;28;300;44;200;15624832;6021016;3892321;0,318181818;0,318181818;0,5;0,385349167;0,249111222
51;26;200;26;200;29;200;9118820;5501594;4313907;0,509803922;0,509803922;0,568627451;0,603323018;0,473077328
102;66;200;66;200;66;200;19068984;10882037;11047331;0,647058824;0,647058824;0,647058824;0,570666848;0,579335061
82;33;200;33;100;34;100;14051465;4707534;4771135;0,402439024;0,402439024;0,414634146;0,335020868;0,339547158
89;44;300;44;400;53;100;16961329;8287415;6020016;0,494382022;0,494382022;0,595505618;0,488606465;0,354925961
89;46;300;46;300;78;200;16941390;13319771;7856755;0,516853933;0,516853933;0,876404494;0,786226573;0,463760943
43;24;200;24;400;24;200;7273084;3222978;3370049;0,558139535;0,558139535;0,558139535;0,443137739;0,46335901
48;24;100;24;400;44;200;7676483;6378110;3294630;0,5;0,5;0,916666667;0,830863561;0,429184823
86;65;100;65;300;79;300;7138457;5440812;5043619;0,755813953;0,755813953;0,918604651;0,7621832;0,706541904
109;69;200;69;100;69;400;17887408;7833802;7800614;0,633027523;0,633027523;0,633027523;0,437950652;0,436095269
116;79;100;79;300;89;200;15673940;8412581;7234160;0,681034483;0,681034483;0,767241379;0,536724078;0,461540621
75;12;300;12;200;20;400;13568516;2138811;1109057;0,16;0,16;0,266666667;0,157630429;0,081737531
75;53;100;53;100;69;200;12319203;10704956;8542422;0,706666667;0,706666667;0,92;0,868964981;0,693423268
107;76;200;76;200;86;200;19716217;13440685;12021949;0,710280374;0,710280374;0,803738318;0,681707094;0,609749274
59;49;200;49;200;50;400;9478891;7556538;7925299;0,830508475;0,830508475;0,847457627;0,797196423;0,836099814
47;31;100;31;200;34;200;7667362;5355710;4841030;0,659574468;0,659574468;0,723404255;0,698507518;0,631381432
57;23;200;23;300;31;100;12213867;4901505;3750017;0,403508772;0,403508772;0,543859649;0,401306564;0,307029461
58;31;300;31;200;34;300;12283338;5223823;5037529;0,534482759;0,534482759;0,586206897;0,425277152;0,410110753
68;25;200;25;200;25;200;11388100;2841075;2790138;0,367647059;0,367647059;0,367647059;0,249477525;0,245004698
100;98;600;98;400;98;200;10856750;9982982;10006947;0,98;0,98;0,98;0,919518456;0,921725839
65;34;200;39;300;46;500;12080429;7701250;7077949;0,523076923;0,6;0,707692308;0,637498056;0,585902123
77;41;300;41;200;50;200;14097389;7891154;6220769;0,532467532;0,532467532;0,649350649;0,559759967;0,441271004
96;23;100;23;200;35;200;17347349;4607739;3311181;0,239583333;0,239583333;0,364583333;0,26561632;0,190875332
40;26;300;26;200;26;100;6482327;3491162;3537592;0,65;0,65;0,65;0,538566166;0,545728717
105;23;300;23;100;40;300;21603043;4691261;2483824;0,219047619;0,219047619;0,380952381;0,217157416;0,114975654
60;35;300;35;200;35;200;9550340;5446678;5464244;0,583333333;0,583333333;0,583333333;0,570312471;0,572151777
86;45;200;45;100;47;200;14106857;5633411;5097589;0,523255814;0,523255814;0,546511628;0,399338492;0,361355403
48;32;300;32;100;31;400;8424302;4631166;4946877;0,666666667;0,666666667;0,645833333;0,549738839;0,587215059
86;34;100;34;200;42;100;16350480;6860655;6170894;0,395348837;0,395348837;0,488372093;0,419599608;0,377413629
42;26;100;26;100;28;100;8186670;4692149;4545278;0,619047619;0,619047619;0,666666667;0,573145003;0,555204741
90;34;200;34;100;39;200;14611478;5609324;4957561;0,377777778;0,377777778;0,433333333;0,383898467;0,339292233
38;21;800;21;500;22;500;7434628;3790389;3770164;0,552631579;0,552631579;0,578947368;0,509829006;0,507108627
99;11;200;44;100;46;100;18744812;9143365;8346721;0,111111111;0,444444444;0,464646465;0,487781099;0,44528166
80;52;400;52;100;53;200;13730081;9040890;8854432;0,65;0,65;0,6625;0,658473173;0,644892918
88;52;300;52;300;60;300;17329725;12138575;10370448;0,590909091;0,590909091;0,681818182;0,700448218;0,598419652
73;60;300;60;300;63;200;13816518;11478648;10464483;0,821917808;0,821917808;0,863013699;0,830791665;0,757389307
63;56;200;46;200;58;200;12465472;8974697;7043800;0,888888889;0,73015873;0,920634921;0,719964475;0,565064845
128;41;300;41;300;54;300;26229825;9356756;6280379;0,3203125;0,3203125;0,421875;0,356722014;0,239436557
90;57;200;57;200;68;300;12386313;7608375;7042662;0,633333333;0,633333333;0,755555556;0,61425664;0,568584211
113;77;300;77;200;85;300;18252432;12710977;12931392;0,681415929;0,681415929;0,752212389;0,696399088;0,708475013
107;53;200;53;100;71;100;21053699;12430218;11804693;0,495327103;0,495327103;0,663551402;0,59040542;0,560694489
101;63;100;63;200;85;200;15171768;10998727;8853646;0,623762376;0,623762376;0,841584158;0,724946954;0,583560598
67;54;200;54;300;60;200;12914220;9239365;7715353;0,805970149;0,805970149;0,895522388;0,715441196;0,597430817
78;64;300;64;200;62;300;13851544;9862441;10914001;0,820512821;0,820512821;0,794871795;0,712010228;0,787926674
75;20;200;20;500;21;300;15077539;3289835;3462717;0,266666667;0,266666667;0,28;0,218194428;0,229660623
127;94;400;94;500;93;200;25492378;16031978;16505067;0,74015748;0,74015748;0,732283465;0,628892997;0,647451054
47;28;200;28;100;30;100;8417335;4400622;4044200;0,595744681;0,595744681;0,638297872;0,522804664;0,480460858
57;24;300;24;100;46;300;10954434;7742942;3904401;0,421052632;0,421052632;0,807017544;0,706831772;0,356421975
97;90;100;90;200;90;200;19310797;16035990;16112925;0,927835052;0,927835052;0,927835052;0,830415751;0,834399792
56;54;400;54;500;54;300;10374265;9349717;9877523;0,964285714;0,964285714;0,964285714;0,901241389;0,952117861
91;43;300;41;200;45;500;15194071;6483349;5711712;0,472527473;0,450549451;0,494505495;0,42670256;0,375917159
82;46;100;46;700;54;200;11704143;5452349;4418724;0,56097561;0,56097561;0,658536585;0,465847777;0,377535032
42;28;500;33;300;35;300;4611069;3440209;3124198;0,666666667;0,785714286;0,833333333;0,746076235;0,677543103
49;24;300;24;100;31;1100;8884088;4463563;3429306;0,489795918;0,489795918;0,632653061;0,502422196;0,386005407
66;47;500;47;200;45;200;15866818;7904789;8497375;0,712121212;0,712121212;0,681818182;0,498196236;0,535543737
109;49;400;49;300;50;200;17501767;5216425;5303163;0,449541284;0,449541284;0,458715596;0,298051334;0,303007291
91;39;300;39;400;51;200;16093624;7112918;4704401;0,428571429;0,428571429;0,56043956;0,441971181;0,292314584
120;45;200;45;200;45;300;21700693;4366950;4396608;0,375;0,375;0,375;0,201235509;0,202602193
62;42;200;42;100;42;100;12863656;6588273;6671500;0,677419355;0,677419355;0,677419355;0,512161784;0,518631717
67;20;300;20;700;29;200;13082390;4385210;3194767;0,298507463;0,298507463;0,432835821;0,335199455;0,24420362
70;10;200;10;200;16;700;13226985;2615619;1122231;0,142857143;0,142857143;0,228571429;0,197748693;0,084844052
36;22;200;22;200;20;300;5128961;1865193;2167869;0,611111111;0,611111111;0,555555556;0,363659033;0,422672155
109;73;800;73;300;73;400;25318879;14539269;14779100;0,669724771;0,669724771;0,669724771;0,574246158;0,583718576
32;15;100;15;500;25;200;6667294;4016205;2044623;0,46875;0,46875;0,78125;0,602374067;0,306664593
94;60;200;60;300;64;100;18369071;9390719;8702959;0,638297872;0,638297872;0,680851064;0,511224493;0,473783296
65;45;100;45;400;57;200;9872048;7948819;6916077;0,692307692;0,692307692;0,876923077;0,805184395;0,700571654
65;44;200;44;800;47;200;12849821;8137832;7126490;0,676923077;0,676923077;0,723076923;0,633303141;0,554598387
51;36;200;36;200;38;900;8972190;5028939;4584258;0,705882353;0,705882353;0,745098039;0,560502954;0,510940807
62;28;100;28;200;32;400;11164904;4516657;3807647;0,451612903;0,451612903;0,516129032;0,404540603;0,341037146
63;29;400;27;400;44;800;11667109;7582623;4400766;0,46031746;0,428571429;0,698412698;0,649914473;0,377194213
111;64;200;64;200;64;200;20910497;11095061;11217315;0,576576577;0,576576577;0,576576577;0,530597671;0,536444208
140;97;200;97;100;109;400;27587372;19827022;19362371;0,692857143;0,692857143;0,778571429;0,718699193;0,701856306
75;53;300;53;200;60;100;13627787;7762204;6960919;0,706666667;0,706666667;0,8;0,569586537;0,510788656
69;40;300;40;100;41;400;12068446;6014980;6322330;0,579710145;0,579710145;0,594202899;0,498405511;0,52387275
83;28;100;28;300;48;200;12910315;5535012;3021533;0,337349398;0,337349398;0,578313253;0,428727882;0,234040223
65;20;300;20;400;20;200;12918151;3203988;3571136;0,307692308;0,307692308;0,307692308;0,248022182;0,276443277
75;39;600;39;100;51;300;14337675;7956605;5654332;0,52;0,52;0,68;0,55494388;0,394368822
39;9;100;9;300;12;300;6859762;1667140;1226443;0,230769231;0,230769231;0,307692308;0,243031755;0,178787981
60;15;1000;15;100;42;300;12977094;7280728;2934606;0,25;0,25;0,7;0,561044561;0,226137377
74;44;400;44;200;47;400;13969058;7000433;7038111;0,594594595;0,594594595;0,635135135;0,501138516;0,503835763
53;25;200;25;200;25;200;8851564;4043900;4252813;0,471698113;0,471698113;0,471698113;0,456857116;0,480458934
92;27;300;27;200;37;300;15286497;5176679;4235970;0,293478261;0,293478261;0,402173913;0,338643903;0,277105343
81;18;600;18;300;45;300;17205077;7158554;3066649;0,222222222;0,222222222;0,555555556;0,416072186;0,178240934
107;82;100;82;100;83;500;18737499;12919863;12876353;0,76635514;0,76635514;0,775700935;0,689519076;0,687196995
79;8;200;8;200;11;200;10856345;1336139;940885;0,101265823;0,101265823;0,139240506;0,123074479;0,086666829
82;62;300;62;300;65;300;16439304;11764934;10825103;0,756097561;0,756097561;0,792682927;0,715658887;0,658489131
80;37;100;37;200;32;300;13661909;3470301;5006168;0,4625;0,4625;0,4;0,254012891;0,366432539
57;45;600;45;200;51;300;8969769;7892024;6807559;0,789473684;0,789473684;0,894736842;0,879846961;0,75894474
134;90;300;90;300;99;100;27741367;18009606;16779591;0,671641791;0,671641791;0,73880597;0,649196775;0,604858117
116;27;300;27;200;44;300;12618420;7149465;4518275;0,232758621;0,232758621;0,379310345;0,566589557;0,35806979
49;24;200;24;200;24;600;6655943;1524015;1642854;0,489795918;0,489795918;0,489795918;0,228970561;0,246825131
56;18;400;18;500;23;500;9008971;3207260;2260740;0,321428571;0,321428571;0,410714286;0,356007362;0,250943199
52;30;100;30;300;35;200;10006564;6034026;5020017;0,576923077;0,576923077;0,673076923;0,603006786;0,501672402
71;50;300;50;300;62;200;7520570;6461523;4636803;0,704225352;0,704225352;0,873239437;0,859179956;0,61654941
109;36;300;36;300;59;100;19084320;9105305;4799157;0,330275229;0,330275229;0,541284404;0,477109218;0,251471208
90;19;200;19;200;37;100;16189962;6691958;3150829;0,211111111;0,211111111;0,411111111;0,413339945;0,194616207
122;3;300;3;100;15;200;16854714;1770564;520925;0,024590164;0,024590164;0,12295082;0,105048594;0,030906784
105;17;200;17;300;23;200;18149127;3988358;2932164;0,161904762;0,161904762;0,219047619;0,219754812;0,161559506
46;30;200;17;400;34;500;7530979;6160518;2554971;0,652173913;0,369565217;0,739130435;0,818023527;0,339261469
61;17;400;17;200;21;200;10734771;2543510;1478222;0,278688525;0,278688525;0,344262295;0,236941244;0,137704102
103;37;200;37;300;39;400;22651702;6951044;6102755;0,359223301;0,359223301;0,378640777;0,306866301;0,269417062
71;5;200;5;100;22;200;14355145;2318865;734234;0,070422535;0,070422535;0,309859155;0,161535463;0,051147794
75;32;200;32;200;32;200;14860482;4139982;4363496;0,426666667;0,426666667;0,426666667;0,278590022;0,293630853
53;32;200;30;200;34;200;8575820;4587028;3595439;0,603773585;0,566037736;0,641509434;0,53487923;0,419253086
102;9;200;9;400;28;100;19093053;3619066;957945;0,088235294;0,088235294;0,274509804;0,189548837;0,050172437
91;24;200;24;200;57;300;8186534;2672749;2238139;0,263736264;0,263736264;0,626373626;0,326481146;0,273392745
46;14;400;14;200;20;200;8634822;3289853;2392544;0,304347826;0,304347826;0,434782609;0,380998358;0,277080871
116;99;100;107;200;107;200;20486846;17552402;17411629;0,853448276;0,922413793;0,922413793;0,856764482;0,849893097
78;60;100;60;200;66;300;14383975;10698418;9798241;0,769230769;0,769230769;0,846153846;0,743773401;0,681191465
111;102;200;102;300;106;300;22653578;18929614;17499712;0,918918919;0,918918919;0,954954955;0,835612547;0,772492186
68;50;300;50;1100;55;300;13130068;9158340;8130522;0,735294118;0,735294118;0,808823529;0,697508954;0,619229238
113;50;200;50;300;61;400;30185876;8968080;7043345;0,442477876;0,442477876;0,539823009;0,297095238;0,23333247
86;61;200;61;100;63;200;13382431;10148086;9579985;0,709302326;0,709302326;0,73255814;0,758314091;0,715862835
96;56;200;56;200;57;600;19120904;10066470;10080592;0,583333333;0,583333333;0,59375;0,526464125;0,527202689
71;46;400;46;700;45;200;13195237;6493968;6695423;0,647887324;0,647887324;0,633802817;0,492144855;0,507412106
84;7;200;7;300;34;200;12753918;2718450;634389;0,083333333;0,083333333;0,404761905;0,213146266;0,049740715
61;28;100;28;100;28;200;8789795;4118309;4607810;0,459016393;0,459016393;0,459016393;0,468532998;0,524222692
55;27;400;27;200;33;200;11274045;5368781;4552462;0,490909091;0,490909091;0,6;0,476207164;0,403800233
78;45;300;45;100;45;200;16523426;7174036;7318986;0,576923077;0,576923077;0,576923077;0,434173639;0,442946033
111;81;400;81;300;82;400;19592659;12921206;12515419;0,72972973;0,72972973;0,738738739;0,659492211;0,638781035
74;45;100;45;300;45;200;13999553;7567832;9060435;0,608108108;0,608108108;0,608108108;0,540576688;0,647194593
38;17;200;17;200;25;400;7900558;4137063;3124939;0,447368421;0,447368421;0,657894737;0,523641874;0,395533961
82;60;200;60;100;62;300;9435627;4874571;4576677;0,731707317;0,731707317;0,756097561;0,516613363;0,48504217
118;40;400;40;300;44;200;15918138;2667092;2150016;0,338983051;0,338983051;0,372881356;0,167550501;0,135067054
84;30;400;30;200;47;200;14859893;8694504;5237142;0,357142857;0,357142857;0,55952381;0,585098695;0,352434705
74;38;100;38;300;40;800;13262127;2758128;2598729;0,513513514;0,513513514;0,540540541;0,20797026;0,195951147
102;85;400;85;400;87;300;19311956;15009473;14379151;0,833333333;0,833333333;0,852941176;0,777211433;0,744572481
76;23;300;23;200;24;100;13653659;3079234;3160645;0,302631579;0,302631579;0,315789474;0,225524455;0,231487032
98;68;200;68;100;68;300;20658454;10841608;11217059;0,693877551;0,693877551;0,693877551;0,524802485;0,542976691
111;19;100;19;400;33;300;20932971;6210332;3473670;0,171171171;0,171171171;0,297297297;0,296677046;0,165942522
93;64;300;64;300;75;200;18452503;12062989;10336977;0,688172043;0,688172043;0,806451613;0,653731854;0,560193758
86;22;200;22;100;39;400;17891369;6425575;3661390;0,255813953;0,255813953;0,453488372;0,359143842;0,204645603
119;101;200;101;200;110;200;20894621;18398342;15721878;0,848739496;0,848739496;0,924369748;0,880530066;0,75243662
76;48;200;48;300;54;100;14770133;8197195;7119839;0,631578947;0,631578947;0,710526316;0,554984508;0,482042985
79;40;400;40;400;61;200;12562604;7098161;5765402;0,506329114;0,506329114;0,772151899;0,565023064;0,458933673
92;72;200;72;500;73;300;18034850;12059067;11246552;0,782608696;0,782608696;0,793478261;0,668653579;0,623601083
82;35;200;35;400;47;900;17644858;7650951;5040874;0,426829268;0,426829268;0,573170732;0,433607967;0,285685155
91;71;200;71;1200;71;100;18615224;14431774;14322085;0,78021978;0,78021978;0,78021978;0,775267276;0,769374841
50;24;200;24;200;38;300;7477525;5253123;3423027;0,48;0,48;0,76;0,702521623;0,4577754
46;3;100;3;100;4;100;8612763;720752;533062;0,065217391;0,065217391;0,086956522;0,083684179;0,061892101
90;72;200;72;200;74;200;7673897;5481270;5440679;0,8;0,8;0,822222222;0,714274638;0,708985148
114;51;200;51;200;55;400;13032085;6291417;5953652;0,447368421;0,447368421;0,48245614;0,482763656;0,4568457
65;8;200;8;200;9;100;12311994;1141102;842848;0,123076923;0,123076923;0,138461538;0,092682144;0,068457473
59;36;200;31;200;56;100;10267928;9244404;4503621;0,610169492;0,525423729;0,949152542;0,90031835;0,438610497
64;60;300;60;400;62;300;12358087;10059894;9741084;0,9375;0,9375;0,96875;0,814033272;0,78823559
107;24;300;24;400;34;400;19319586;5796813;3584628;0,224299065;0,224299065;0,317757009;0,30004851;0,185543727
92;41;200;41;200;61;100;16869819;10710402;6370260;0,445652174;0,445652174;0,663043478;0,634885413;0,377612824
101;77;100;51;100;81;200;18485231;12617687;6440458;0,762376238;0,504950495;0,801980198;0,682582057;0,34841101
102;57;600;57;100;66;300;19861353;11031827;8845866;0,558823529;0,558823529;0,647058824;0,555441867;0,445380836
98;62;400;62;300;62;300;20780160;12177799;12063390;0,632653061;0,632653061;0,632653061;0,586030088;0,580524404
93;43;200;43;100;87;200;10785498;7882703;4622615;0,462365591;0,462365591;0,935483871;0,730861292;0,428595416
51;46;100;46;300;46;400;5238118;3908387;3854427;0,901960784;0,901960784;0,901960784;0,746143367;0,735841957
99;44;200;44;200;75;200;19896149;13393455;6920583;0,444444444;0,444444444;0,757575758;0,67316821;0,347835302
46;25;200;25;400;29;400;9071364;4533907;4111420;0,543478261;0,543478261;0,630434783;0,499804329;0,453230628
48;16;100;16;200;25;200;7587845;3672038;3135070;0,333333333;0,333333333;0,520833333;0,483936875;0,413170011
108;68;100;68;200;74;300;18426603;10821910;10953229;0,62962963;0,62962963;0,685185185;0,587298158;0,594424756
90;75;200;75;200;75;200;11773386;8772468;8744138;0,833333333;0,833333333;0,833333333;0,74511003;0,742703756
52;11;300;11;200;18;200;10810848;2517545;1282553;0,211538462;0,211538462;0,346153846;0,232872111;0,118635744
35;25;100;25;100;26;300;6297770;4225578;4100285;0,714285714;0,714285714;0,742857143;0,670964167;0,651069347
42;19;200;19;100;21;100;7245204;3162667;2909567;0,452380952;0,452380952;0,5;0,436518696;0,401585242
52;16;400;16;200;26;300;9417182;2357792;2310164;0,307692308;0,307692308;0,5;0,250371289;0,245313725
77;20;200;20;100;35;200;16003487;5605459;3110184;0,25974026;0,25974026;0,454545455;0,350264852;0,194344145
40;17;200;17;300;19;300;6363976;2866695;2541821;0,425;0,425;0,475;0,450456601;0,399407697
42;23;600;23;200;28;300;6864734;3938974;3324105;0,547619048;0,547619048;0,666666667;0,573798489;0,484229251
71;37;200;37;200;42;200;13597755;7428006;6271569;0,521126761;0,521126761;0,591549296;0,546267086;0,461220915
101;62;200;62;400;63;700;18710434;8284813;7950017;0,613861386;0,613861386;0,623762376;0,442791065;0,42489752
60;45;400;45;400;50;200;9895682;6089003;5235389;0,75;0,75;0,833333333;0,615319187;0,529057926
74;62;200;62;100;65;100;14046896;10019757;9506302;0,837837838;0,837837838;0,878378378;0,713307552;0,676754637
42;33;300;27;300;35;100;7465149;5591066;4315820;0,785714286;0,642857143;0,833333333;0,748955714;0,578129117
80;57;200;57;100;59;400;16482998;10557917;10747548;0,7125;0,7125;0,7375;0,640533779;0,652038422
92;18;300;18;300;53;300;15404608;6603292;2884866;0,195652174;0,195652174;0,576086957;0,428656932;0,187272925
49;15;300;15;200;15;200;7758904;2527902;2573576;0,306122449;0,306122449;0,306122449;0,325806583;0,331693239
63;26;600;26;200;30;400;11751968;4477097;3819446;0,412698413;0,412698413;0,476190476;0,380965724;0,325004799
102;59;400;59;200;76;100;19750028;13670460;11793517;0,578431373;0,578431373;0,745098039;0,692174209;0,597139255
123;115;200;88;200;117;300;23116514;20218198;15207000;0,93495935;0,715447154;0,951219512;0,874621407;0,657841403
114;75;400;75;700;93;400;20933457;17690887;12700914;0,657894737;0,657894737;0,815789474;0,845101074;0,606727976
88;65;200;65;200;71;100;11012314;9355161;8868355;0,738636364;0,738636364;0,806818182;0,849518185;0,80531258
100;31;200;31;200;75;100;18048777;12574817;4457581;0,31;0,31;0,75;0,696712968;0,24697413
55;15;400;15;400;31;300;9335184;4528824;2047104;0,272727273;0,272727273;0,563636364;0,485134948;0,21928909
116;65;300;70;300;70;300;16653000;10186171;10460869;0,560344828;0,603448276;0,603448276;0,611671831;0,628167237
81;47;300;47;100;47;200;16348207;8024850;8068575;0,580246914;0,580246914;0,580246914;0,490870344;0,49354495
61;46;300;51;200;51;100;10513349;8500920;8712778;0,754098361;0,836065574;0,836065574;0,808583449;0,828734783
69;57;100;57;300;57;200;14454721;10616270;10393769;0,826086957;0,826086957;0,826086957;0,734450011;0,719057047
59;35;400;35;200;45;100;9295200;6222839;4629479;0,593220339;0,593220339;0,762711864;0,669468005;0,498050499
74;40;200;40;100;44;300;16293655;7749268;7309911;0,540540541;0,540540541;0,594594595;0,475600349;0,448635435
82;67;400;67;300;66;500;13724628;10194738;10361937;0,817073171;0,817073171;0,804878049;0,742806144;0,754988551
51;25;300;25;200;25;300;8528103;4245256;4102380;0,490196078;0,490196078;0,490196078;0,497796051;0,481042501
72;11;300;17;200;18;200;13767684;2163370;1960914;0,152777778;0,236111111;0,25;0,157133909;0,142428748
40;9;200;9;100;12;200;7139378;2295900;1362195;0,225;0,225;0,3;0,321582636;0,190800235
91;67;100;67;200;69;300;14168872;7628487;8077735;0,736263736;0,736263736;0,758241758;0,538397623;0,57010431
67;39;500;39;500;39;100;11038931;5677933;5728228;0,582089552;0,582089552;0,582089552;0,51435533;0,518911478
52;28;100;28;300;30;400;9133343;4972270;4406442;0,538461538;0,538461538;0,576923077;0,544408548;0,482456643
40;25;300;25;200;25;100;7315845;4222909;4227547;0,625;0,625;0,625;0,577227784;0,577861751
99;79;200;79;200;91;300;25257172;18876248;16465143;0,797979798;0,797979798;0,919191919;0,747361898;0,651899706
108;51;200;51;400;62;300;17891939;9572001;7628537;0,472222222;0,472222222;0,574074074;0,534989584;0,42636726
52;10;200;10;200;12;600;9445695;2591652;2053454;0,192307692;0,192307692;0,230769231;0,274373881;0,217395755
50;15;200;15;200;27;300;7906939;4319768;2836047;0,3;0,3;0,54;0,546326208;0,358678245
73;50;100;50;200;49;300;10367525;6125464;6436753;0,684931507;0,684931507;0,671232877;0,590831852;0,620857244
70;32;400;30;200;33;300;17019664;6180345;5516335;0,457142857;0,428571429;0,471428571;0,363129672;0,324115388
79;26;200;26;200;36;100;14460232;4693515;3715709;0,329113924;0,329113924;0,455696203;0,324580892;0,256960538
64;5;500;5;100;23;400;12109035;3507650;751590;0,078125;0,078125;0,359375;0,289672133;0,06206853
107;55;100;55;200;55;400;21656758;8879904;9127913;0,514018692;0,514018692;0,514018692;0,410029239;0,421481045
53;20;200;20;100;26;300;8488469;5340820;3831413;0,377358491;0,377358491;0,490566038;0,62918531;0,451366789
66;49;500;49;700;50;200;15348324;8601490;8251819;0,742424242;0,742424242;0,757575758;0,560418844;0,537636487
107;99;100;99;200;99;200;19574952;15756302;15831158;0,925233645;0,925233645;0,925233645;0,804921616;0,808745687
55;34;200;34;100;39;400;9818258;5270816;4971396;0,618181818;0,618181818;0,709090909;0,536838205;0,50634196
111;98;100;98;100;103;200;19716575;16652222;14745154;0,882882883;0,882882883;0,927927928;0,844579852;0,747855751
48;18;200;18;200;29;100;8824116;4496410;2862801;0,375;0,375;0,604166667;0,509559258;0,324429212
83;54;300;54;500;57;200;16449284;8149274;7247998;0,65060241;0,65060241;0,686746988;0,495418159;0,44062696
136;85;400;85;200;86;300;23661177;12118660;12142826;0,625;0,625;0,632352941;0,512174859;0,513196195
68;20;300;20;300;46;300;9160520;3844217;3059054;0,294117647;0,294117647;0,676470588;0,419650522;0,333938903
95;9;200;9;300;33;300;15987747;4680726;1022702;0,094736842;0,094736842;0,347368421;0,292769582;0,063967862
66;22;100;22;200;24;200;11528387;4005851;3740087;0,333333333;0,333333333;0,363636364;0,347477145;0,324424137
68;9;200;15;200;12;200;10873746;1173465;1925358;0,132352941;0,220588235;0,176470588;0,107917272;0,177064831
42;19;200;19;200;22;200;6608231;3250329;2946313;0,452380952;0,452380952;0,523809524;0,491860681;0,445855025
41;29;100;29;100;29;200;5517860;4249102;4216918;0,707317073;0,707317073;0,707317073;0,770063394;0,764230698
81;42;500;40;100;54;200;13817703;8673577;5760402;0,518518519;0,49382716;0,666666667;0,627714824;0,416885643
45;24;200;24;200;31;100;6939300;4681719;4180787;0,533333333;0,533333333;0,688888889;0,67466733;0,602479645
55;24;300;24;500;34;100;8970601;5216405;3496109;0,436363636;0,436363636;0,618181818;0,581500058;0,389729629
73;34;200;34;300;52;200;9075034;5401831;2443150;0,465753425;0,465753425;0,712328767;0,595240855;0,269216622
74;21;200;21;300;25;300;9833323;3657225;3170093;0,283783784;0,283783784;0,337837838;0,371921577;0,322382678
66;24;700;24;500;24;300;12196608;3951263;4137325;0,363636364;0,363636364;0,363636364;0,323964089;0,339219314
96;57;100;62;300;62;100;14258772;9600592;9577381;0,59375;0,645833333;0,645833333;0,673311278;0,671683438
82;46;200;46;200;69;300;16288775;11225179;7166243;0,56097561;0,56097561;0,841463415;0,689135862;0,439949781
54;13;300;13;100;22;500;11457716;3511298;2204539;0,240740741;0,240740741;0,407407407;0,306457064;0,192406497
81;47;200;47;300;47;200;9184876;2365899;2477314;0,580246914;0,580246914;0,580246914;0,257586384;0,269716652
103;75;200;75;200;76;200;20351916;13543015;13318936;0,72815534;0,72815534;0,737864078;0,66544177;0,654431553
45;24;100;24;200;40;400;8350459;6269953;3913354;0,533333333;0,533333333;0,888888889;0,750851301;0,468639389
136;113;100;108;200;113;200;27385160;20028367;18972875;0,830882353;0,794117647;0,830882353;0,731358407;0,692815927
86;68;100;68;200;69;400;11866297;7494709;7462384;0,790697674;0,790697674;0,802325581;0,631596276;0,628872175
65;39;300;39;200;41;700;11492275;6544057;5751019;0,6;0,6;0,630769231;0,569430944;0,500424764
100;71;100;71;200;80;200;19048639;13608342;11892017;0,71;0,71;0,8;0,714399701;0,624297463
50;37;200;37;300;39;100;9672427;6817308;5839289;0,74;0,74;0,78;0,70481876;0,603704634
88;49;400;49;100;55;100;16668774;9137128;8255806;0,556818182;0,556818182;0,625;0,548158371;0,495285736
113;67;200;67;200;98;100;20104595;15414135;10988856;0,592920354;0,592920354;0,867256637;0,766697116;0,546584301
61;18;400;18;200;22;100;9731521;3389816;2727744;0,295081967;0,295081967;0,360655738;0,348333626;0,280299863
67;28;500;26;200;43;300;11152937;5753810;3785190;0,417910448;0,388059701;0,641791045;0,515900879;0,339389526
95;78;200;78;200;78;200;15629824;10047389;10189941;0,821052632;0,821052632;0,821052632;0,64283443;0,651954942
47;19;300;19;300;21;500;7354074;3295457;2986766;0,404255319;0,404255319;0,446808511;0,448113114;0,406137605
49;26;100;26;200;24;200;9380530;3876934;4362580;0,530612245;0,530612245;0,489795918;0,413295837;0,465067539
127;93;200;91;200;106;300;26182484;18855199;16211849;0,732283465;0,716535433;0,834645669;0,720145537;0,61918682
61;17;100;22;200;42;200;10810575;5236244;3658146;0,278688525;0,360655738;0,68852459;0,484363135;0,338385886
97;44;300;44;200;70;300;19582370;12368559;7153664;0,453608247;0,453608247;0,721649485;0,631617062;0,365311451
107;52;200;52;200;81;300;19344471;12924745;7199543;0,485981308;0,485981308;0,757009346;0,668136389;0,37217575
59;25;400;25;500;35;400;5870605;4140596;3609544;0,423728814;0,423728814;0,593220339;0,70530993;0,614850429
78;53;100;53;100;54;300;14112988;9066149;8738086;0,679487179;0,679487179;0,692307692;0,642397556;0,619152089
23;14;300;14;200;18;200;5024969;3195715;2643954;0,608695652;0,608695652;0,782608696;0,635967107;0,526163246
58;35;300;35;100;39;300;12579697;6985247;6003220;0,603448276;0,603448276;0,672413793;0,555279432;0,477214992
87;19;400;19;300;47;200;15940173;6967283;1661449;0,218390805;0,218390805;0,540229885;0,437089547;0,104230299
38;17;700;17;400;29;200;5382562;3580281;2395508;0,447368421;0,447368421;0,763157895;0,665162984;0,445049774
64;25;200;27;100;30;200;12304399;5146943;4692223;0,390625;0,421875;0,46875;0,418301048;0,38134516
53;23;400;25;100;38;100;9122570;7023385;4026581;0,433962264;0,471698113;0,716981132;0,76989105;0,441386693
52;33;200;33;200;40;300;10616216;6625017;4898160;0,634615385;0,634615385;0,769230769;0,62404693;0,461384734
115;69;300;69;100;85;100;21557226;12244871;11817432;0,6;0,6;0,739130435;0,568017007;0,5481889
93;74;400;74;300;80;200;15681147;12373112;11998129;0,795698925;0,795698925;0,860215054;0,789043812;0,765130829
89;34;100;34;300;35;200;16084002;5287842;5219522;0,382022472;0,382022472;0,393258427;0,328764073;0,324516373
84;60;100;60;100;63;200;15830582;9923856;9965112;0,714285714;0,714285714;0,75;0,626878784;0,629484879
132;36;300;36;500;66;100;26429189;11819801;6373695;0,272727273;0,272727273;0,5;0,447225263;0,241161202
98;59;200;59;200;66;100;12324785;6331282;5592605;0,602040816;0,602040816;0,673469388;0,513703241;0,45376897
64;42;200;42;600;49;200;10970351;7720547;6811893;0,65625;0,65625;0,765625;0,703764811;0,62093665
70;55;200;55;100;61;200;15081118;10010098;9944819;0,785714286;0,785714286;0,871428571;0,663750393;0,659421868
58;30;300;30;200;38;200;11796888;6483217;4805674;0,517241379;0,517241379;0,655172414;0,549570107;0,407367943
94;5;300;5;300;5;200;17133826;686429;727170;0,053191489;0,053191489;0,053191489;0,040062797;0,042440608
99;53;200;53;100;49;200;14509587;5432284;6721184;0,535353535;0,535353535;0,494949495;0,374392738;0,46322366
61;4;200;4;300;26;300;9892204;3965835;516396;0,06557377;0,06557377;0,426229508;0,400905097;0,05220232
93;55;200;55;100;61;300;14748400;5870674;4986074;0,591397849;0,591397849;0,655913978;0,398054975;0,338075588
39;17;200;17;200;18;500;6609966;2563718;2683770;0,435897436;0,435897436;0,461538462;0,387856458;0,40601873
109;49;400;49;100;51;100;22928678;11123566;10595943;0,449541284;0,449541284;0,467889908;0,485137695;0,462126207
96;23;100;23;200;32;200;14408268;4094504;2998798;0,239583333;0,239583333;0,333333333;0,28417739;0,20813036
69;48;100;48;200;47;100;13486397;7161735;7653641;0,695652174;0,695652174;0,68115942;0,531033974;0,567508208
123;57;200;57;200;57;300;25059517;9120722;9443830;0,463414634;0,463414634;0,463414634;0,363962402;0,376856026
66;40;200;40;200;39;200;11980375;6062068;6437045;0,606060606;0,606060606;0,590909091;0,505999854;0,537299125
99;67;100;67;100;72;100;20856881;13860625;13087195;0,676767677;0,676767677;0,727272727;0,664558857;0,627476131
51;20;500;20;600;26;200;7201885;4124044;3269425;0,392156863;0,392156863;0,509803922;0,57263397;0,453967954
118;104;100;102;100;107;200;19721777;14766893;13186489;0,881355932;0,86440678;0,906779661;0,748760773;0,668625804
47;13;300;13;200;21;200;8538749;3419919;2272849;0,276595745;0,276595745;0,446808511;0,40051757;0,266180561
84;37;200;37;300;58;200;14497715;8230000;5444086;0,44047619;0,44047619;0,69047619;0,567675665;0,375513383
88;84;300;84;200;85;100;20467647;17589052;17689627;0,954545455;0,954545455;0,965909091;0,859358772;0,864272625
54;3;200;3;100;22;200;10756989;3748031;532892;0,055555556;0,055555556;0,407407407;0,34842752;0,049539141
68;54;100;54;300;56;200;13241831;9424386;9126689;0,794117647;0,794117647;0,823529412;0,711713206;0,689231648
143;92;200;92;100;101;200;29575887;19327155;16256730;0,643356643;0,643356643;0,706293706;0,653476766;0,549661621
73;60;300;40;300;62;300;13129546;9346157;4193625;0,821917808;0,547945205;0,849315068;0,711841598;0,319403656
46;20;300;20;200;32;300;8911244;4880068;3127959;0,434782609;0,434782609;0,695652174;0,547630387;0,351012608
78;60;300;60;200;61;300;11566874;7234447;7537108;0,769230769;0,769230769;0,782051282;0,625445302;0,65161149
76;30;200;49;200;49;300;11388202;6149665;6128937;0,394736842;0,644736842;0,644736842;0,540003154;0,538183025
69;32;100;32;100;36;400;12185307;6082307;4844137;0,463768116;0,463768116;0,52173913;0,499150904;0,397539184
77;38;300;38;100;60;300;12199511;7017521;4383960;0,493506494;0,493506494;0,779220779;0,575229696;0,359355387
72;51;400;51;600;60;300;14387231;9220689;7905090;0,708333333;0,708333333;0,833333333;0,640893929;0,549451802
51;41;300;41;100;40;600;9746795;6869938;7235140;0,803921569;0,803921569;0,784313725;0,704840719;0,742309652
121;46;200;46;200;56;200;22558216;9257663;7703907;0,380165289;0,380165289;0,462809917;0,410389855;0,341512245
147;68;500;68;200;70;400;32590124;11661873;11574378;0,462585034;0,462585034;0,476190476;0,35783457;0,355149861
84;31;100;33;200;34;600;18300956;7813886;6979169;0,369047619;0,392857143;0,404761905;0,426966001;0,381355433
73;37;200;37;200;46;300;12773259;6775801;4713308;0,506849315;0,506849315;0,630136986;0,530467675;0,368998076
80;17;700;17;400;20;200;14718004;3684552;3001564;0,2125;0,2125;0,25;0,250343185;0,203938251
67;14;200;14;200;25;200;13245417;4045075;1464543;0,208955224;0,208955224;0,373134328;0,305394311;0,110569792
46;20;200;20;300;14;100;8694978;1891979;3079636;0,434782609;0,434782609;0,304347826;0,217594455;0,3541856
50;27;200;27;200;34;500;6999217;3776771;3253024;0,54;0,54;0,68;0,539599072;0,464769702
89;31;200;31;200;40;300;15915949;6742792;5251555;0,348314607;0,348314607;0,449438202;0,423650013;0,329955506
40;31;500;31;100;33;700;6333909;5274387;5017563;0,775;0,775;0,825;0,832722257;0,792174785
51;7;200;7;100;24;400;9246453;2491417;942801;0,137254902;0,137254902;0,470588235;0,2694457;0,101963531
114;85;200;87;100;94;500;22108119;17871042;15793730;0,745614035;0,763157895;0,824561404;0,808347467;0,714385968
97;59;100;59;400;61;200;17189756;9230146;9408059;0,608247423;0,608247423;0,628865979;0,536956196;0,54730614
35;8;200;8;200;17;200;5721501;2815501;1458958;0,228571429;0,228571429;0,485714286;0,492091324;0,254995673
72;32;100;32;200;42;400;13691967;7017281;5052082;0,444444444;0,444444444;0,583333333;0,512510803;0,368981462
64;28;200;28;200;28;200;10770639;4372970;4281913;0,4375;0,4375;0,4375;0,406008409;0,397554221
37;22;300;22;200;24;300;6567576;3531409;3271751;0,594594595;0,594594595;0,648648649;0,537703561;0,498167208
69;34;100;34;600;41;200;13892451;5620876;5021399;0,492753623;0,492753623;0,594202899;0,404599304;0,361448027
79;38;200;38;300;47;300;15352296;7995855;6576354;0,481012658;0,481012658;0,594936709;0,520824703;0,428362898
135;88;300;88;200;98;200;24450229;16677231;15620013;0,651851852;0,651851852;0,725925926;0,682088949;0,638849354
61;31;300;20;200;38;500;11008146;7818080;3405926;0,508196721;0,327868852;0,62295082;0,710208604;0,309400511
55;3;200;3;300;3;300;7268177;506233;548409;0,054545455;0,054545455;0,054545455;0,069650615;0,075453446
30;10;200;10;600;12;100;5421389;2312216;1324957;0,333333333;0,333333333;0,4;0,426498818;0,244394379
101;23;200;47;200;56;500;16937105;6884948;6526676;0,227722772;0,465346535;0,554455446;0,406500875;0,385347791
102;9;100;9;300;66;100;13338297;5058144;1191775;0,088235294;0,088235294;0,647058824;0,379219626;0,089349862
57;48;200;48;100;54;200;12448078;10770795;10146067;0,842105263;0,842105263;0,947368421;0,865257673;0,815070969
78;44;200;44;100;43;200;14990386;6594867;6966728;0,564102564;0,564102564;0,551282051;0,439939772;0,464746405
70;51;200;51;500;65;400;14221787;11627005;8448327;0,728571429;0,728571429;0,928571429;0,817548807;0,594041171
107;48;200;48;200;48;200;16812706;7332516;7551675;0,448598131;0,448598131;0,448598131;0,436129437;0,449164757
29;13;100;13;300;16;500;5529303;2728903;2417013;0,448275862;0,448275862;0,551724138;0,493534719;0,437127971
90;64;100;64;100;76;200;17601477;13791659;12267744;0,711111111;0,711111111;0,844444444;0,783551233;0,696972419
146;49;800;49;100;104;100;29434622;17808010;8512170;0,335616438;0,335616438;0,712328767;0,605002164;0,289189037
123;53;100;53;200;80;200;14592879;8197519;4733681;0,430894309;0,430894309;0,650406504;0,561747891;0,32438294
36;13;200;13;200;21;300;6340311;3372851;2329603;0,361111111;0,361111111;0,583333333;0,531969331;0,367427244
119;29;200;29;200;34;300;8964339;4524484;3774587;0,243697479;0,243697479;0,285714286;0,504720315;0,421066963
80;6;200;6;100;18;200;13535697;2052132;713825;0,075;0,075;0,225;0,15160889;0,052736479
55;38;300;38;100;38;200;12141495;7312674;7390040;0,690909091;0,690909091;0,690909091;0,602287774;0,608659807
140;61;100;61;300;62;200;25564863;7811761;8175252;0,435714286;0,435714286;0,442857143;0,305566316;0,319784698
67;50;300;50;200;52;300;12843795;8898403;8480500;0,746268657;0,746268657;0,776119403;0,692817271;0,660279925
21;15;200;17;400;19;200;3357096;3023353;2735448;0,714285714;0,80952381;0,904761905;0,900585804;0,814825671
53;43;200;43;300;44;300;10527166;7501337;7810901;0,811320755;0,811320755;0,830188679;0,712569461;0,741975666
45;18;500;18;200;18;100;4263997;1182519;1287721;0,4;0,4;0,4;0,277326415;0,301998571
43;28;200;28;200;32;400;6943974;5187991;4896115;0,651162791;0,651162791;0,744186047;0,747121317;0,705088326
86;51;300;53;100;53;100;15830204;9157447;9098295;0,593023256;0,61627907;0,61627907;0,578479406;0,574742751
97;70;400;62;300;69;200;17587280;11343592;10508553;0,721649485;0,639175258;0,711340206;0,644988423;0,597508711
84;24;200;24;200;49;100;17694661;7812393;3570660;0,285714286;0,285714286;0,583333333;0,441511312;0,201793072
67;43;500;45;1100;45;300;14614223;5801873;5979482;0,641791045;0,671641791;0,671641791;0,397001811;0,409154972
114;58;200;58;100;66;400;27634968;11381625;9759503;0,50877193;0,50877193;0,578947368;0,411855914;0,353157746
82;16;300;16;200;48;200;15078029;7326098;2658505;0,195121951;0,195121951;0,585365854;0,485879023;0,17631648
106;33;400;33;300;36;100;26608734;4783871;4921604;0,311320755;0,311320755;0,339622642;0,179785743;0,184961975
53;48;200;48;300;52;200;10009917;7847151;7106030;0,905660377;0,905660377;0,981132075;0,783937669;0,709898993
67;41;300;41;200;42;100;12371867;6320418;6413356;0,611940299;0,611940299;0,626865672;0,510870186;0,51838223
81;62;200;62;200;73;300;15325430;11298929;8795731;0,765432099;0,765432099;0,901234568;0,737266687;0,573930454
70;14;200;14;200;14;500;16373413;2107337;2134001;0,2;0,2;0,2;0,128704809;0,130333303
79;52;200;52;200;64;400;17223260;11342512;9307906;0,658227848;0,658227848;0,810126582;0,658557788;0,540426493
51;19;400;19;600;19;200;9296169;2784414;2977932;0,37254902;0,37254902;0,37254902;0,299522739;0,320339701
113;68;400;68;300;81;300;21204297;10785991;11116809;0,601769912;0,601769912;0,716814159;0,508670059;0,524271519
58;38;200;38;200;38;400;8973991;5598074;5380207;0,655172414;0,655172414;0,655172414;0,623810967;0,599533363
118;72;200;72;100;100;200;23943357;17278214;10813888;0,610169492;0,610169492;0,847457627;0,721628717;0,451644604
84;63;400;63;100;79;100;13663442;12001343;8780890;0,75;0,75;0,94047619;0,878354298;0,642655782
89;56;200;47;100;56;300;18668347;11734851;10086177;0,629213483;0,528089888;0,629213483;0,628596147;0,540282276
94;70;300;70;300;72;200;18193811;11963409;11630871;0,744680851;0,744680851;0,765957447;0,657553769;0,639276235
97;35;200;35;200;36;400;17765192;5343153;5101265;0,360824742;0,360824742;0,371134021;0,300765283;0,287149444
65;35;300;35;100;35;200;11727438;4751285;4797483;0,538461538;0,538461538;0,538461538;0,405142624;0,409081932
65;54;200;59;500;58;100;10524491;8973101;9235337;0,830769231;0,907692308;0,892307692;0,852592396;0,877509136
103;83;200;91;200;96;400;19854003;16320322;15410260;0,805825243;0,883495146;0,932038835;0,822016699;0,77617899
111;95;200;93;200;95;100;23054229;15918113;16164680;0,855855856;0,837837838;0,855855856;0,690463906;0,701158993
63;45;500;45;200;44;200;10265469;6516177;7022890;0,714285714;0,714285714;0,698412698;0,634766614;0,684127535
88;59;200;59;200;79;200;16872252;12854275;10344670;0,670454545;0,670454545;0,897727273;0,761858879;0,613117324
56;36;200;36;100;36;100;8525530;5090002;5261466;0,642857143;0,642857143;0,642857143;0,597030566;0,617142395
70;34;200;34;300;33;200;15933221;5006618;5395770;0,485714286;0,485714286;0,471428571;0,314225102;0,33864904
64;37;400;37;100;37;300;12873928;5077528;5239825;0,578125;0,578125;0,578125;0,394403946;0,407010588
83;33;200;33;200;39;400;32863374;3438034;2753671;0,397590361;0,397590361;0,469879518;0,104615978;0,083791488
89;63;300;63;300;69;200;17124263;12369377;11380683;0,707865169;0,707865169;0,775280899;0,722330473;0,664594032
55;37;600;39;500;39;200;9126719;5988471;6075472;0,672727273;0,709090909;0,709090909;0,656147187;0,665679748
63;36;200;36;200;41;200;11099810;5481414;5237085;0,571428571;0,571428571;0,650793651;0,493829534;0,471817536
111;40;500;35;200;48;200;21308812;8499064;5815376;0,36036036;0,315315315;0,432432432;0,398852081;0,272909442
48;11;300;11;400;11;100;5122556;982490;1015136;0,229166667;0,229166667;0,229166667;0,19179683;0,19816982
59;39;100;39;200;46;300;11211200;7850060;6407164;0,661016949;0,661016949;0,779661017;0,700198016;0,571496718
82;30;500;30;100;55;200;16115432;9120728;4920165;0,365853659;0,365853659;0,670731707;0,565962365;0,30530767
88;44;200;44;200;45;300;18689131;8729777;8131486;0,5;0,5;0,511363636;0,46710449;0,435091712
108;78;200;80;300;80;300;19358801;13731394;12780399;0,722222222;0,740740741;0,740740741;0,709310148;0,660185463
97;77;500;75;100;80;200;6884292;4051234;3329705;0,793814433;0,773195876;0,824742268;0,588475039;0,483667021
91;22;300;52;200;62;200;12766798;9625367;8475308;0,241758242;0,571428571;0,681318681;0,75393744;0,663855416
88;78;200;78;400;80;200;17173168;13989742;13575535;0,886363636;0,886363636;0,909090909;0,814627913;0,790508484
100;43;300;43;200;63;200;16742862;9088835;6459409;0,43;0,43;0,63;0,542848349;0,385800767
98;25;200;25;300;26;200;22839478;5030025;4611738;0,255102041;0,255102041;0,265306122;0,220233799;0,201919589
66;35;300;35;100;40;300;12119764;5973544;4834742;0,53030303;0,53030303;0,606060606;0,492876264;0,398913873
52;36;200;36;400;35;200;9773582;5921460;5948909;0,692307692;0,692307692;0,673076923;0,605863848;0,608672337
87;68;300;68;200;68;200;17811603;12588489;12483799;0,781609195;0,781609195;0,781609195;0,70675778;0,700880151
96;84;200;84;200;89;100;19449895;16414865;15024184;0,875;0,875;0,927083333;0,843956484;0,77245579
68;6;200;6;200;18;200;11583691;1896269;622345;0,088235294;0,088235294;0,264705882;0,163701622;0,053725967
63;25;200;25;300;30;300;11665749;5692016;4314152;0,396825397;0,396825397;0,476190476;0,487925465;0,369813546
89;68;100;68;100;71;300;18205604;12886991;12834803;0,764044944;0,764044944;0,797752809;0,70785847;0,704991881
59;37;400;32;300;41;200;11140447;6099211;4221224;0,627118644;0,542372881;0,694915254;0,547483508;0,378909751
52;17;200;17;200;36;200;9831097;5954031;2731570;0,326923077;0,326923077;0,692307692;0,605632413;0,277849969
114;66;100;66;200;79;100;21254662;12762280;9076301;0,578947368;0,578947368;0,692982456;0,600446152;0,427026362
78;47;200;47;100;69;300;13124567;11549891;6680363;0,602564103;0,602564103;0,884615385;0,880020728;0,50899683
76;53;300;53;300;55;100;14370515;8498253;8177921;0,697368421;0,697368421;0,723684211;0,591367324;0,569076404
83;70;100;70;200;75;100;14571612;12581676;11775400;0,843373494;0,843373494;0,903614458;0,863437484;0,808105514
74;57;200;54;200;61;200;10877079;7546454;7680735;0,77027027;0,72972973;0,824324324;0,69379417;0,706139488
70;44;200;44;200;48;400;13136730;7135787;6490649;0,628571429;0,628571429;0,685714286;0,54319355;0,494084068
81;10;200;10;200;62;200;14064885;9895175;1542971;0,12345679;0,12345679;0,765432099;0,703537569;0,109703776
50;21;400;21;200;28;300;9547460;4348276;3215546;0,42;0,42;0,56;0,455437991;0,336795965
65;28;200;28;300;41;200;11154173;5449060;3961338;0,430769231;0,430769231;0,630769231;0,488522098;0,355144034
98;63;100;53;300;76;200;24333096;15356451;12260313;0,642857143;0,540816327;0,775510204;0,631093183;0,503853394
59;12;100;12;200;21;200;8398814;3131150;2290839;0,203389831;0,203389831;0,355932203;0,372808589;0,272757439
60;54;200;54;100;53;100;11518605;8643460;11270265;0,9;0,9;0,883333333;0,750391215;0,978440098
73;7;300;7;300;12;300;13470043;2026064;1275704;0,095890411;0,095890411;0,164383562;0,150412586;0,09470675
84;15;200;15;100;43;600;17211988;6583649;2180861;0,178571429;0,178571429;0,511904762;0,382503695;0,126705933
107;51;200;51;300;73;200;16686707;9515148;6505375;0,476635514;0,476635514;0,682242991;0,570223232;0,389853732
135;123;400;121;100;123;100;22284122;18694848;21255589;0,911111111;0,896296296;0,911111111;0,838931325;0,95384458
76;70;1100;70;100;70;200;9115417;7686889;8080148;0,921052632;0,921052632;0,921052632;0,843284405;0,886426589
93;24;500;24;200;41;100;19348298;5418608;4237075;0,258064516;0,258064516;0,440860215;0,280056055;0,218989546
97;72;200;70;200;76;300;20585526;14298291;12818389;0,742268041;0,721649485;0,783505155;0,694579823;0,622689408
93;72;200;72;200;72;200;18192647;12242235;12835568;0,774193548;0,774193548;0,774193548;0,672922143;0,705536033
107;73;200;81;200;81;400;10441352;6272058;6658499;0,682242991;0,757009346;0,757009346;0,600694048;0,637704677
70;50;200;36;300;52;400;11946239;8414344;5547243;0,714285714;0,514285714;0,742857143;0,704350884;0,464350579
88;69;300;69;100;76;200;12742553;11389038;9920267;0,784090909;0,784090909;0,863636364;0,89377992;0,778514871
122;49;300;49;400;53;200;15623445;5457728;4701149;0,401639344;0,401639344;0,43442623;0,349329357;0,300903482
112;50;200;50;100;74;100;15565371;9697781;6844400;0,446428571;0,446428571;0,660714286;0,623035648;0,439719683
45;25;400;25;200;30;400;7059581;4635895;3712803;0,555555556;0,555555556;0,666666667;0,656681324;0,525923989
77;17;100;17;200;39;400;10864253;6058813;2871500;0,220779221;0,220779221;0,506493506;0,557683349;0,264307173
69;32;200;32;100;41;300;8596389;2562827;2164220;0,463768116;0,463768116;0,594202899;0,298128319;0,251759198
59;49;200;49;100;55;100;10024187;9148706;7709284;0,830508475;0,830508475;0,93220339;0,912663142;0,769068255
75;49;200;58;300;61;400;12768928;10519021;10277604;0,653333333;0,773333333;0,813333333;0,823798286;0,804891687
39;27;100;27;100;34;300;5355644;4436775;4390925;0,692307692;0,692307692;0,871794872;0,828429784;0,819868722
98;54;200;54;100;76;300;16696273;12585619;9367282;0,551020408;0,551020408;0,775510204;0,753798108;0,561040299
93;29;100;29;300;40;400;15556475;5797610;3995682;0,311827957;0,311827957;0,430107527;0,372681472;0,25685009
56;32;100;32;200;40;300;9612462;7006176;5370538;0,571428571;0,571428571;0,714285714;0,728863844;0,558705772
111;35;100;35;500;69;200;18263965;9410892;2165246;0,315315315;0,315315315;0,621621622;0,515271027;0,118552899
82;50;200;52;200;52;200;7242745;4699766;4556152;0,609756098;0,634146341;0,634146341;0,648892927;0,629064257
38;31;200;31;100;31;0;6057275;4710092;4864065;0,815789474;0,815789474;0,815789474;0,777592564;0,803012081
83;41;400;41;100;48;300;12509902;6870555;6552033;0,493975904;0,493975904;0,578313253;0,549209338;0,523747748
106;82;300;77;400;82;500;17987407;14057475;13197771;0,773584906;0,726415094;0,773584906;0,781517592;0,733722821
63;34;300;34;600;37;200;10043507;5840356;4833058;0,53968254;0,53968254;0,587301587;0,581505643;0,48121219
48;20;200;20;500;28;300;6538561;3654927;3135405;0,416666667;0,416666667;0,583333333;0,558980332;0,479525235
87;16;100;46;100;47;600;15950438;8086259;7570684;0,183908046;0,528735632;0,540229885;0,506961564;0,474638001
127;98;300;100;200;111;200;20465686;18091226;16893245;0,771653543;0,787401575;0,874015748;0,88397848;0,825442401
79;8;200;8;200;33;200;12688712;4499096;827700;0,101265823;0,101265823;0,417721519;0,35457468;0,065231207
110;94;400;94;300;90;200;22175673;16783605;17501762;0,854545455;0,854545455;0,818181818;0,756847605;0,789232507
67;21;500;21;400;21;300;9414335;3458120;3406013;0,313432836;0,313432836;0,313432836;0,367324936;0,361790079
61;32;200;32;500;32;600;7159817;3403612;3381451;0,524590164;0,524590164;0,524590164;0,475376954;0,472281764
85;52;200;52;200;61;100;14748411;10735011;8879845;0,611764706;0,611764706;0,717647059;0,727875769;0,602088252
67;28;300;28;400;37;200;11860574;5612572;4220514;0,417910448;0,417910448;0,552238806;0,473212511;0,355843992
95;74;500;74;100;78;300;16218405;13196059;12913678;0,778947368;0,778947368;0,821052632;0,81364715;0,796236005
57;52;200;52;300;52;0;8544610;7765936;7750008;0,912280702;0,912280702;0,912280702;0,908869568;0,907005469
70;39;200;39;200;61;300;11284656;9359324;6124764;0,557142857;0,557142857;0,871428571;0,829384963;0,542751503
144;37;200;35;400;100;200;25132230;43510686;4955824;0,256944444;0,243055556;0,694444444;1,731270405;0,197189983
128;76;300;76;300;92;100;19723238;14237705;9899680;0,59375;0,59375;0,71875;0,721874623;0,501929754
52;19;100;19;100;29;100;8647355;4737633;2853427;0,365384615;0,365384615;0,557692308;0,547870765;0,329976854
81;35;100;35;200;43;300;14888368;7034687;5469052;0,432098765;0,432098765;0,530864198;0,472495508;0,367337239
82;47;200;47;500;49;200;9875422;5283850;5725195;0,573170732;0,573170732;0,597560976;0,535050553;0,579741807
96;73;300;73;200;78;300;14088514;10619403;11363145;0,760416667;0,760416667;0,8125;0,753763172;0,806553835
95;72;200;72;400;83;500;9795382;6959979;5293011;0,757894737;0,757894737;0,873684211;0,710536761;0,540357793
64;4;100;4;200;8;100;10162668;916625;535970;0,0625;0,0625;0,125;0,090195311;0,052739104
79;27;200;27;200;44;300;12387137;6414298;3948762;0,341772152;0,341772152;0,556962025;0,517819251;0,31877923
68;31;200;31;300;40;200;12058909;6728381;4733315;0,455882353;0,455882353;0,588235294;0,557959348;0,392516023
63;13;100;13;200;21;400;8786104;2198156;1093112;0,206349206;0,206349206;0,333333333;0,25018552;0,124413733
68;42;200;42;400;42;100;12959187;7119616;7176603;0,617647059;0,617647059;0,617647059;0,54938755;0,553784971
65;30;200;30;100;30;200;10731179;4461770;3923253;0,461538462;0,461538462;0,461538462;0,415776309;0,365593846
82;43;700;43;200;58;100;13549915;9000512;6156180;0,524390244;0,524390244;0,707317073;0,664248595;0,454333477
64;45;400;47;200;55;200;12108659;9631833;8305115;0,703125;0,734375;0,859375;0,795450016;0,68588231
149;55;200;55;300;59;300;14287889;7425777;7085730;0,369127517;0,369127517;0,395973154;0,519725272;0,495925605
76;53;500;53;200;56;200;13949443;9990167;9294923;0,697368421;0,697368421;0,736842105;0,716169599;0,666329329
82;51;100;51;500;56;300;12936160;7750889;6331590;0,62195122;0,62195122;0,682926829;0,59916459;0,489448955
54;44;300;44;200;46;100;7552989;7767481;7181140;0,814814815;0,814814815;0,851851852;1,028398294;0,950767967
91;53;100;47;300;60;200;13243273;6968149;5476387;0,582417582;0,516483516;0,659340659;0,526165171;0,413522171
59;3;300;3;100;38;300;10223884;6928864;521911;0,050847458;0,050847458;0,644067797;0,67771348;0,051048212
92;87;200;87;200;89;200;14006415;13538632;12763800;0,945652174;0,945652174;0,967391304;0,966602232;0,911282437
95;72;100;72;300;77;300;15739638;13227417;11844872;0,757894737;0,757894737;0,810526316;0,840388896;0,752550472
103;61;300;61;200;61;300;15834592;7008121;7350328;0,59223301;0,59223301;0,59223301;0,442582985;0,464194341
56;20;300;22;200;30;300;8336463;2736985;2180085;0,357142857;0,392857143;0,535714286;0,328314898;0,261511987
62;48;300;48;400;55;200;9369653;7571411;6364075;0,774193548;0,774193548;0,887096774;0,808078058;0,679222059
73;24;200;24;200;51;300;9287588;5437247;3818269;0,328767123;0,328767123;0,698630137;0,585431546;0,411115243
73;40;200;40;300;56;300;8404834;6132965;4391336;0,547945205;0,547945205;0,767123288;0,729694959;0,522477422
70;34;100;32;200;36;200;15314753;6871002;5316964;0,485714286;0,457142857;0,514285714;0,448652486;0,34717922
92;28;200;30;400;38;200;14919829;5741172;4896168;0,304347826;0,326086957;0,413043478;0,384801461;0,328165155
74;59;400;51;200;60;300;13908034;9912081;8131927;0,797297297;0,689189189;0,810810811;0,712687429;0,584692775
95;78;100;83;200;85;400;16840211;16045879;14440473;0,821052632;0,873684211;0,894736842;0,952831232;0,857499529
122;85;300;85;200;85;300;21057134;15043320;14881332;0,696721311;0,696721311;0,696721311;0,714404914;0,706712129
89;48;400;48;400;61;300;14168454;9278723;7017156;0,539325843;0,539325843;0,685393258;0,654886059;0,495266174
91;24;200;24;300;62;2600;15080799;9819344;3727107;0,263736264;0,263736264;0,681318681;0,651115634;0,247142542
34;10;300;4;200;14;100;6322779;2027351;677055;0,294117647;0,117647059;0,411764706;0,320642395;0,10708187
45;25;200;25;300;31;100;7787725;4663783;3885278;0,555555556;0,555555556;0,688888889;0,598863339;0,498897688
77;21;200;21;200;49;100;14308452;8369514;3670146;0,272727273;0,272727273;0,636363636;0,584934974;0,256501961
82;61;600;45;200;68;200;17991246;14045070;7159156;0,743902439;0,548780488;0,829268293;0,780661328;0,397924413
37;21;300;21;300;27;300;5751206;3907422;3334827;0,567567568;0,567567568;0,72972973;0,679409153;0,579848296
77;27;200;27;100;53;200;11655356;7335360;3109638;0,350649351;0,350649351;0,688311688;0,629355294;0,266799058
147;139;100;139;200;138;500;18447495;17273962;17984439;0,945578231;0,945578231;0,93877551;0,936385238;0,974898706
41;29;300;29;1000;31;100;6339984;5244340;4222150;0,707317073;0,707317073;0,756097561;0,827185053;0,665955939
64;11;400;11;100;19;200;10664723;1636262;1039956;0,171875;0,171875;0,296875;0,15342752;0,097513644
47;14;200;14;600;35;200;7083533;5158749;2679218;0,29787234;0,29787234;0,744680851;0,728273448;0,378231879
48;44;400;33;200;44;100;8391885;7967515;5766114;0,916666667;0,6875;0,916666667;0,949430909;0,687105936
66;23;100;23;200;53;200;10188286;7477141;3796951;0,348484848;0,348484848;0,803030303;0,733895868;0,372678093
31;11;200;11;100;13;600;4991317;2133579;1455108;0,35483871;0,35483871;0,419354839;0,427458124;0,291527867
85;59;1800;57;400;71;200;12515846;11202298;8797322;0,694117647;0,670588235;0,835294118;0,895049204;0,702894714
114;73;200;73;200;73;200;5665899;2286848;2280995;0,640350877;0,640350877;0,640350877;0,40361609;0,402583068
106;35;200;35;300;49;200;18025101;8182798;4912239;0,330188679;0,330188679;0,462264151;0,453966832;0,272522135
74;70;100;70;300;70;200;3338131;3328134;3797651;0,945945946;0,945945946;0,945945946;0,99700521;1,137657869
81;24;300;24;100;44;100;13087852;6827165;4491716;0,296296296;0,296296296;0,543209877;0,521641366;0,343197341
61;4;200;4;200;17;400;6202761;2593480;732552;0,06557377;0,06557377;0,278688525;0,418117029;0,118100955
139;62;100;88;100;87;200;24006247;14870049;15400783;0,446043165;0,633093525;0,625899281;0,619424144;0,641532306
56;30;200;30;100;30;200;10244110;4735393;4438964;0,535714286;0,535714286;0,535714286;0,462255189;0,433318658
95;79;100;79;0;79;200;15453130;12614272;12605959;0,831578947;0,831578947;0,831578947;0,816292363;0,815754414
74;28;100;28;300;41;100;9281113;4872594;3282489;0,378378378;0,378378378;0,554054054;0,525001042;0,353674069
71;43;200;43;200;44;300;11983450;6742664;6333568;0,605633803;0,605633803;0,61971831;0,562664675;0,528526259
69;41;200;41;200;46;300;10838054;6571933;5979935;0,594202899;0,594202899;0,666666667;0,606375739;0,551753571
73;39;300;39;300;45;200;12177500;8215808;6950090;0,534246575;0,534246575;0,616438356;0,674671156;0,570732088
69;45;100;45;600;55;300;6938193;5004292;3037421;0,652173913;0,652173913;0,797101449;0,721267339;0,43778272
123;30;1000;30;300;39;300;19198686;7733531;6126481;0,243902439;0,243902439;0,317073171;0,402815641;0,319109391
57;42;200;42;100;42;500;8228768;5573122;5781423;0,736842105;0,736842105;0,736842105;0,677272953;0,702586706
139;109;500;109;300;117;200;21643280;18441074;15941197;0,784172662;0,784172662;0,841726619;0,852046178;0,736542567
55;22;500;22;100;33;400;8305583;4873054;3458056;0,4;0,4;0,6;0,586720282;0,416353193
69;40;200;35;100;42;300;12267902;6054704;5336036;0,579710145;0,507246377;0,608695652;0,493540297;0,434959132
68;24;200;24;300;44;300;10726028;7087365;3715118;0,352941176;0,352941176;0,647058824;0,660763239;0,346364749
59;35;100;35;400;39;300;9894218;6258720;5416630;0,593220339;0,593220339;0,661016949;0,632563382;0,547454079
51;35;200;35;100;41;400;7137799;5825638;4630909;0,68627451;0,68627451;0,803921569;0,816167281;0,648786692
70;46;200;46;100;55;100;8874933;6729911;5686799;0,657142857;0,657142857;0,785714286;0,758305556;0,640770922
77;33;100;33;200;55;400;11353270;7558198;5485772;0,428571429;0,428571429;0,714285714;0,665728728;0,48318872
63;48;300;48;200;48;200;10261541;7421519;7760914;0,761904762;0,761904762;0,761904762;0,723236305;0,756310772
69;40;300;40;200;41;100;9785553;5485391;4993458;0,579710145;0,579710145;0,594202899;0,560560144;0,51028879
41;32;400;27;100;39;200;6270121;6197098;3925956;0,780487805;0,658536585;0,951219512;0,988353813;0,626137199
112;75;200;75;300;77;200;16941055;11113692;12151128;0,669642857;0,669642857;0,6875;0,656021245;0,717259226
67;45;100;45;100;45;400;11680974;7651950;7749415;0,671641791;0,671641791;0,671641791;0,655078078;0,663421989
49;14;200;14;200;22;100;6726564;3760362;2582676;0,285714286;0,285714286;0,448979592;0,559031624;0,383951747
67;43;200;43;100;43;300;12084375;7284421;7597410;0,641791045;0,641791045;0,641791045;0,602796669;0,628696974
108;19;200;19;200;27;200;16860580;4478461;2955067;0,175925926;0,175925926;0,25;0,265617256;0,175264849
102;46;200;49;200;49;200;16325409;5468891;5553686;0,450980392;0,480392157;0,480392157;0,334992587;0,340186638
69;34;400;34;200;34;100;10462049;4916619;4885108;0,492753623;0,492753623;0,492753623;0,469948;0,466936066
130;46;600;46;100;46;200;14836871;5080963;5151142;0,353846154;0,353846154;0,353846154;0,342455158;0,347185198
101;31;100;31;200;31;200;13907535;4292646;4167518;0,306930693;0,306930693;0,306930693;0,308656135;0,299658998
100;92;600;92;300;92;500;16020635;15318844;15473373;0,92;0,92;0,92;0,956194558;0,96584018
63;20;200;20;200;49;300;10462895;8098615;3159439;0,317460317;0,317460317;0,777777778;0,774031948;0,301966043
58;35;200;35;400;35;300;8557355;4580512;4267037;0,603448276;0,603448276;0,603448276;0,535271939;0,498639708
68;19;300;17;300;19;100;10200085;3116246;2733849;0,279411765;0,25;0,279411765;0,305511768;0,268022178
47;34;500;34;200;35;200;6781759;5516905;5455912;0,723404255;0,723404255;0,744680851;0,81349175;0,804498066
123;82;200;82;200;83;400;16916631;9986935;9883604;0,666666667;0,666666667;0,674796748;0,590361934;0,584253685
130;103;100;103;300;103;200;21127316;15572166;15650878;0,792307692;0,792307692;0,792307692;0,737063146;0,74078875
34;8;600;8;200;23;300;6061208;4005707;1036083;0,235294118;0,235294118;0,676470588;0,660876017;0,170936718
73;50;200;50;300;61;100;11364288;9622949;7881312;0,684931507;0,684931507;0,835616438;0,846770955;0,693515687
91;74;500;74;200;77;100;7764746;6802709;5874126;0,813186813;0,813186813;0,846153846;0,876101936;0,756512319
56;6;300;6;100;7;200;8279178;941503;744228;0,107142857;0,107142857;0,125;0,113719381;0,089891533
124;45;400;45;200;45;200;20906040;6935131;7178317;0,362903226;0,362903226;0,362903226;0,331728582;0,343360914
77;39;300;39;200;40;300;12930127;7157037;6955352;0,506493506;0,506493506;0,519480519;0,553516373;0,537918305
93;65;200;65;100;68;200;15662969;11479968;10465230;0,698924731;0,698924731;0,731182796;0,732936904;0,668151102
43;21;100;21;200;23;400;6033149;3462766;3156277;0,488372093;0,488372093;0,534883721;0,573956652;0,523155818
105;64;200;64;200;68;100;20690915;13343992;11609548;0,60952381;0,60952381;0,647619048;0,644920343;0,561093987
126;99;200;99;100;110;200;22574970;18854280;16079453;0,785714286;0,785714286;0,873015873;0,835185163;0,712269075
124;56;200;56;200;54;200;22534858;10052465;10524034;0,451612903;0,451612903;0,435483871;0,446085127;0,46701133
68;29;300;29;100;30;100;11289460;4321010;4138447;0,426470588;0,426470588;0,441176471;0,38274727;0,366576169
58;14;200;14;300;29;200;6991289;2636311;1794243;0,24137931;0,24137931;0,5;0,377085113;0,256639798
52;15;100;15;200;34;100;4009442;2276902;1417903;0,288461538;0,288461538;0,653846154;0,567885007;0,35364098
84;22;100;22;400;30;300;14534194;5975378;3749951;0,261904762;0,261904762;0,357142857;0,411125515;0,258008872
68;31;300;31;400;31;500;11048923;5058281;5093806;0,455882353;0,455882353;0,455882353;0,457807607;0,461022853
61;35;500;35;100;34;200;9052649;4693848;5264450;0,573770492;0,573770492;0,557377049;0,518505467;0,581536962
109;79;200;79;100;84;300;18166155;13527794;12073168;0,724770642;0,724770642;0,770642202;0,744670185;0,664596774
59;45;200;41;100;48;200;8306687;7381256;6066242;0,762711864;0,694915254;0,813559322;0,888592046;0,730284167
28;16;200;21;200;24;200;4186979;3828058;3379354;0,571428571;0,75;0,857142857;0,914276857;0,807110329
49;20;400;20;400;22;200;7219418;3732193;3331614;0,408163265;0,408163265;0,448979592;0,516965911;0,461479582
44;32;200;32;300;39;400;7474653;6626686;4763065;0,727272727;0,727272727;0,886363636;0,886554332;0,637228912
76;39;300;39;100;44;600;12999420;7586768;7139673;0,513157895;0,513157895;0,578947368;0,583623577;0,549230119
92;48;200;48;100;81;400;16877935;13686476;7944210;0,52173913;0,52173913;0,880434783;0,810909391;0,470686135
76;39;100;39;400;40;200;13437633;6361332;6073865;0,513157895;0,513157895;0,526315789;0,473396766;0,452004084
113;53;200;53;100;68;400;19918610;11471583;9946581;0,469026549;0,469026549;0,601769912;0,575922868;0,4993612
74;59;200;59;200;58;100;10660273;7941390;8421385;0,797297297;0,797297297;0,783783784;0,744951841;0,789978362
109;62;200;62;300;62;300;19770886;10349372;10306333;0,568807339;0,568807339;0,568807339;0,523465261;0,521288373
